sentenceID,pred_label
113000,0.0
113001,0.0
113002,1.0
113003,0.0
113004,1.0
113005,1.0
113006,0.0
113007,0.0
113008,0.0
113009,0.0
113010,1.0
113011,0.0
113012,1.0
113013,1.0
113014,1.0
113015,1.0
113016,1.0
113017,0.0
113018,0.0
113019,0.0
113020,0.0
113021,0.0
113022,0.0
113023,0.0
113024,0.0
113025,0.0
113026,0.0
113027,0.0
113028,1.0
113029,0.0
113030,0.0
113031,0.0
113032,0.0
113033,0.0
113034,0.0
113035,0.0
113036,0.0
113037,0.0
113038,0.0
113039,0.0
113040,0.0
113041,0.0
113042,0.0
113043,0.0
113044,0.0
113045,0.0
113046,0.0
113047,0.0
113048,0.0
113049,0.0
113050,0.0
113051,1.0
113052,0.0
113053,0.0
113054,1.0
113055,0.0
113056,1.0
113057,0.0
113058,1.0
113059,0.0
113060,0.0
113061,0.0
113062,0.0
113063,0.0
113064,0.0
113065,1.0
113066,1.0
113067,0.0
113068,1.0
113069,0.0
113070,0.0
113071,0.0
113072,1.0
113073,0.0
113074,1.0
113075,0.0
113076,0.0
113077,0.0
113078,1.0
113079,0.0
113080,0.0
113081,1.0
113082,1.0
113083,0.0
113084,0.0
113085,1.0
113086,0.0
113087,0.0
113088,0.0
113089,0.0
113090,0.0
113091,0.0
113092,0.0
113093,0.0
113094,1.0
113095,0.0
113096,0.0
113097,0.0
113098,0.0
113099,1.0
113100,1.0
113101,1.0
113102,0.0
113103,0.0
113104,0.0
113105,0.0
113106,0.0
113107,1.0
113108,0.0
113109,0.0
113110,0.0
113111,1.0
113112,0.0
113113,0.0
113114,0.0
113115,1.0
113116,0.0
113117,1.0
113118,1.0
113119,0.0
113120,1.0
113121,1.0
113122,1.0
113123,0.0
113124,1.0
113125,1.0
113126,1.0
113127,1.0
113128,0.0
113129,1.0
113130,1.0
113131,0.0
113132,1.0
113133,0.0
113134,0.0
113135,1.0
113136,0.0
113137,1.0
113138,0.0
113139,0.0
113140,0.0
113141,1.0
113142,0.0
113143,1.0
113144,1.0
113145,0.0
113146,0.0
113147,0.0
113148,1.0
113149,0.0
113150,0.0
113151,0.0
113152,0.0
113153,0.0
113154,1.0
113155,0.0
113156,1.0
113157,0.0
113158,0.0
113159,1.0
113160,1.0
113161,0.0
113162,0.0
113163,0.0
113164,0.0
113165,0.0
113166,0.0
113167,1.0
113168,1.0
113169,1.0
113170,1.0
113171,1.0
113172,0.0
113173,0.0
113174,0.0
113175,0.0
113176,1.0
113177,0.0
113178,0.0
113179,0.0
113180,0.0
113181,1.0
113182,0.0
113183,1.0
113184,1.0
113185,0.0
113186,0.0
113187,0.0
113188,0.0
113189,0.0
113190,0.0
113191,0.0
113192,0.0
113193,0.0
113194,0.0
113195,1.0
113196,0.0
113197,0.0
113198,1.0
113199,0.0
113200,0.0
113201,0.0
113202,0.0
113203,1.0
113204,0.0
113205,1.0
113206,0.0
113207,0.0
113208,0.0
113209,0.0
113210,0.0
113211,0.0
113212,0.0
113213,1.0
113214,1.0
113215,0.0
113216,1.0
113217,1.0
113218,0.0
113219,0.0
113220,0.0
113221,0.0
113222,1.0
113223,1.0
113224,1.0
113225,0.0
113226,0.0
113227,0.0
113228,1.0
113229,0.0
113230,1.0
113231,0.0
113232,0.0
113233,0.0
113234,0.0
113235,0.0
113236,0.0
113237,1.0
113238,1.0
113239,1.0
113240,0.0
113241,0.0
113242,1.0
113243,1.0
113244,0.0
113245,0.0
113246,1.0
113247,0.0
113248,0.0
113249,0.0
113250,1.0
113251,1.0
113252,0.0
113253,1.0
113254,0.0
113255,0.0
113256,0.0
113257,0.0
113258,0.0
113259,0.0
113260,0.0
113261,0.0
113262,0.0
113263,0.0
113264,0.0
113265,1.0
113266,1.0
113267,1.0
113268,0.0
113269,1.0
113270,0.0
113271,1.0
113272,0.0
113273,0.0
113274,1.0
113275,0.0
113276,1.0
113277,0.0
113278,0.0
113279,0.0
113280,0.0
113281,0.0
113282,0.0
113283,0.0
113284,0.0
113285,1.0
113286,1.0
113287,0.0
113288,1.0
113289,1.0
113290,0.0
113291,1.0
113292,0.0
113293,0.0
113294,0.0
113295,0.0
113296,1.0
113297,0.0
113298,0.0
113299,0.0
113300,0.0
113301,0.0
113302,0.0
113303,1.0
113304,0.0
113305,1.0
113306,0.0
113307,0.0
113308,0.0
113309,0.0
113310,0.0
113311,0.0
113312,1.0
113313,1.0
113314,0.0
113315,0.0
113316,0.0
113317,1.0
113318,0.0
113319,0.0
113320,0.0
113321,1.0
113322,0.0
113323,0.0
113324,0.0
113325,0.0
113326,0.0
113327,0.0
113328,0.0
113329,0.0
113330,0.0
113331,0.0
113332,0.0
113333,0.0
113334,1.0
113335,1.0
113336,1.0
113337,0.0
113338,0.0
113339,0.0
113340,0.0
113341,0.0
113342,1.0
113343,1.0
113344,1.0
113345,0.0
113346,1.0
113347,1.0
113348,0.0
113349,0.0
113350,0.0
113351,1.0
113352,0.0
113353,0.0
113354,0.0
113355,0.0
113356,0.0
113357,0.0
113358,1.0
113359,0.0
113360,0.0
113361,1.0
113362,0.0
113363,1.0
113364,1.0
113365,0.0
113366,0.0
113367,0.0
113368,0.0
113369,1.0
113370,0.0
113371,1.0
113372,0.0
113373,0.0
113374,0.0
113375,0.0
113376,1.0
113377,0.0
113378,0.0
113379,0.0
113380,0.0
113381,0.0
113382,0.0
113383,0.0
113384,0.0
113385,0.0
113386,1.0
113387,1.0
113388,0.0
113389,0.0
113390,0.0
113391,0.0
113392,0.0
113393,0.0
113394,1.0
113395,0.0
113396,0.0
113397,0.0
113398,0.0
113399,0.0
113400,1.0
113401,0.0
113402,0.0
113403,0.0
113404,0.0
113405,1.0
113406,1.0
113407,0.0
113408,1.0
113409,0.0
113410,1.0
113411,0.0
113412,0.0
113413,0.0
113414,1.0
113415,0.0
113416,0.0
113417,0.0
113418,1.0
113419,0.0
113420,1.0
113421,0.0
113422,0.0
113423,0.0
113424,1.0
113425,1.0
113426,0.0
113427,0.0
113428,0.0
113429,0.0
113430,0.0
113431,0.0
113432,0.0
113433,1.0
113434,0.0
113435,0.0
113436,0.0
113437,1.0
113438,0.0
113439,0.0
113440,0.0
113441,0.0
113442,1.0
113443,0.0
113444,0.0
113445,1.0
113446,0.0
113447,0.0
113448,0.0
113449,0.0
113450,1.0
113451,0.0
113452,1.0
113453,0.0
113454,0.0
113455,0.0
113456,1.0
113457,0.0
113458,0.0
113459,0.0
113460,0.0
113461,1.0
113462,0.0
113463,1.0
113464,0.0
113465,0.0
113466,1.0
113467,0.0
113468,1.0
113469,0.0
113470,0.0
113471,0.0
113472,1.0
113473,0.0
113474,0.0
113475,1.0
113476,0.0
113477,1.0
113478,1.0
113479,1.0
113480,1.0
113481,1.0
113482,1.0
113483,0.0
113484,0.0
113485,1.0
113486,0.0
113487,0.0
113488,0.0
113489,0.0
113490,0.0
113491,1.0
113492,0.0
113493,0.0
113494,0.0
113495,1.0
113496,0.0
113497,0.0
113498,0.0
113499,1.0
113500,1.0
113501,0.0
113502,0.0
113503,0.0
113504,1.0
113505,0.0
113506,0.0
113507,1.0
113508,0.0
113509,0.0
113510,1.0
113511,0.0
113512,0.0
113513,0.0
113514,1.0
113515,0.0
113516,0.0
113517,0.0
113518,1.0
113519,0.0
113520,0.0
113521,1.0
113522,0.0
113523,0.0
113524,0.0
113525,0.0
113526,1.0
113527,0.0
113528,0.0
113529,0.0
113530,1.0
113531,1.0
113532,0.0
113533,0.0
113534,1.0
113535,0.0
113536,0.0
113537,0.0
113538,0.0
113539,0.0
113540,0.0
113541,0.0
113542,0.0
113543,1.0
113544,0.0
113545,0.0
113546,0.0
113547,0.0
113548,0.0
113549,0.0
113550,0.0
113551,0.0
113552,0.0
113553,0.0
113554,0.0
113555,0.0
113556,0.0
113557,0.0
113558,0.0
113559,0.0
113560,0.0
113561,1.0
113562,0.0
113563,0.0
113564,1.0
113565,0.0
113566,1.0
113567,1.0
113568,0.0
113569,0.0
113570,0.0
113571,1.0
113572,0.0
113573,1.0
113574,0.0
113575,0.0
113576,1.0
113577,0.0
113578,0.0
113579,0.0
113580,0.0
113581,1.0
113582,0.0
113583,0.0
113584,1.0
113585,0.0
113586,0.0
113587,1.0
113588,0.0
113589,1.0
113590,0.0
113591,0.0
113592,0.0
113593,1.0
113594,0.0
113595,0.0
113596,0.0
113597,0.0
113598,0.0
113599,0.0
113600,0.0
113601,0.0
113602,0.0
113603,1.0
113604,0.0
113605,1.0
113606,0.0
113607,1.0
113608,0.0
113609,0.0
113610,1.0
113611,1.0
113612,0.0
113613,0.0
113614,0.0
113615,1.0
113616,0.0
113617,1.0
113618,0.0
113619,0.0
113620,0.0
113621,0.0
113622,0.0
113623,1.0
113624,0.0
113625,1.0
113626,1.0
113627,0.0
113628,0.0
113629,0.0
113630,1.0
113631,0.0
113632,0.0
113633,0.0
113634,0.0
113635,0.0
113636,1.0
113637,0.0
113638,1.0
113639,0.0
113640,1.0
113641,0.0
113642,0.0
113643,0.0
113644,0.0
113645,0.0
113646,0.0
113647,0.0
113648,0.0
113649,1.0
113650,0.0
113651,0.0
113652,1.0
113653,0.0
113654,0.0
113655,0.0
113656,0.0
113657,0.0
113658,1.0
113659,0.0
113660,0.0
113661,0.0
113662,1.0
113663,0.0
113664,0.0
113665,0.0
113666,0.0
113667,0.0
113668,0.0
113669,0.0
113670,0.0
113671,0.0
113672,0.0
113673,0.0
113674,0.0
113675,0.0
113676,0.0
113677,0.0
113678,0.0
113679,0.0
113680,0.0
113681,0.0
113682,0.0
113683,0.0
113684,1.0
113685,1.0
113686,0.0
113687,1.0
113688,0.0
113689,0.0
113690,0.0
113691,0.0
113692,0.0
113693,0.0
113694,0.0
113695,1.0
113696,0.0
113697,1.0
113698,1.0
113699,1.0
113700,0.0
113701,0.0
113702,0.0
113703,0.0
113704,0.0
113705,1.0
113706,0.0
113707,0.0
113708,0.0
113709,0.0
113710,0.0
113711,1.0
113712,0.0
113713,0.0
113714,0.0
113715,0.0
113716,0.0
113717,0.0
113718,0.0
113719,0.0
113720,0.0
113721,0.0
113722,0.0
113723,1.0
113724,0.0
113725,0.0
113726,1.0
113727,0.0
113728,0.0
113729,0.0
113730,0.0
113731,1.0
113732,0.0
113733,0.0
113734,0.0
113735,0.0
113736,0.0
113737,1.0
113738,0.0
113739,1.0
113740,1.0
113741,0.0
113742,0.0
113743,0.0
113744,0.0
113745,1.0
113746,1.0
113747,0.0
113748,0.0
113749,1.0
113750,0.0
113751,0.0
113752,0.0
113753,0.0
113754,1.0
113755,0.0
113756,0.0
113757,0.0
113758,0.0
113759,0.0
113760,0.0
113761,1.0
113762,1.0
113763,1.0
113764,0.0
113765,0.0
113766,0.0
113767,1.0
113768,0.0
113769,0.0
113770,1.0
113771,0.0
113772,0.0
113773,0.0
113774,1.0
113775,0.0
113776,0.0
113777,0.0
113778,0.0
113779,1.0
113780,0.0
113781,1.0
113782,0.0
113783,0.0
113784,0.0
113785,0.0
113786,0.0
113787,1.0
113788,0.0
113789,0.0
113790,0.0
113791,1.0
113792,1.0
113793,1.0
113794,0.0
113795,0.0
113796,0.0
113797,1.0
113798,1.0
113799,0.0
113800,1.0
113801,1.0
113802,0.0
113803,0.0
113804,0.0
113805,0.0
113806,1.0
113807,0.0
113808,0.0
113809,0.0
113810,0.0
113811,0.0
113812,0.0
113813,1.0
113814,0.0
113815,0.0
113816,0.0
113817,0.0
113818,0.0
113819,0.0
113820,0.0
113821,1.0
113822,1.0
113823,0.0
113824,0.0
113825,0.0
113826,0.0
113827,0.0
113828,0.0
113829,0.0
113830,0.0
113831,0.0
113832,0.0
113833,0.0
113834,0.0
113835,0.0
113836,0.0
113837,0.0
113838,0.0
113839,0.0
113840,0.0
113841,1.0
113842,1.0
113843,0.0
113844,0.0
113845,0.0
113846,0.0
113847,0.0
113848,1.0
113849,0.0
113850,0.0
113851,0.0
113852,0.0
113853,0.0
113854,0.0
113855,0.0
113856,0.0
113857,0.0
113858,0.0
113859,1.0
113860,1.0
113861,0.0
113862,0.0
113863,0.0
113864,1.0
113865,1.0
113866,0.0
113867,0.0
113868,0.0
113869,0.0
113870,1.0
113871,0.0
113872,0.0
113873,0.0
113874,0.0
113875,0.0
113876,0.0
113877,0.0
113878,0.0
113879,0.0
113880,0.0
113881,0.0
113882,0.0
113883,1.0
113884,0.0
113885,0.0
113886,0.0
113887,1.0
113888,0.0
113889,0.0
113890,1.0
113891,1.0
113892,1.0
113893,0.0
113894,0.0
113895,0.0
113896,0.0
113897,0.0
113898,1.0
113899,0.0
113900,0.0
113901,1.0
113902,0.0
113903,1.0
113904,0.0
113905,0.0
113906,0.0
113907,0.0
113908,1.0
113909,0.0
113910,0.0
113911,0.0
113912,0.0
113913,0.0
113914,1.0
113915,0.0
113916,1.0
113917,0.0
113918,0.0
113919,1.0
113920,0.0
113921,1.0
113922,1.0
113923,1.0
113924,1.0
113925,1.0
113926,0.0
113927,1.0
113928,0.0
113929,1.0
113930,0.0
113931,1.0
113932,1.0
113933,1.0
113934,0.0
113935,0.0
113936,1.0
113937,0.0
113938,1.0
113939,1.0
113940,0.0
113941,0.0
113942,0.0
113943,0.0
113944,0.0
113945,0.0
113946,0.0
113947,1.0
113948,0.0
113949,1.0
113950,1.0
113951,0.0
113952,1.0
113953,1.0
113954,0.0
113955,1.0
113956,0.0
113957,0.0
113958,0.0
113959,0.0
113960,0.0
113961,0.0
113962,0.0
113963,0.0
113964,1.0
113965,1.0
113966,0.0
113967,1.0
113968,1.0
113969,0.0
113970,1.0
113971,0.0
113972,0.0
113973,1.0
113974,0.0
113975,0.0
113976,0.0
113977,0.0
113978,0.0
113979,1.0
113980,0.0
113981,0.0
113982,0.0
113983,0.0
113984,0.0
113985,0.0
113986,0.0
113987,1.0
113988,1.0
113989,0.0
113990,0.0
113991,1.0
113992,0.0
113993,0.0
113994,0.0
113995,0.0
113996,1.0
113997,0.0
113998,0.0
113999,0.0
114000,1.0
114001,0.0
114002,0.0
114003,0.0
114004,0.0
114005,0.0
114006,0.0
114007,1.0
114008,0.0
114009,0.0
114010,1.0
114011,0.0
114012,0.0
114013,1.0
114014,0.0
114015,1.0
114016,0.0
114017,0.0
114018,1.0
114019,0.0
114020,0.0
114021,1.0
114022,1.0
114023,1.0
114024,0.0
114025,0.0
114026,0.0
114027,0.0
114028,0.0
114029,0.0
114030,0.0
114031,1.0
114032,0.0
114033,0.0
114034,0.0
114035,0.0
114036,0.0
114037,1.0
114038,1.0
114039,0.0
114040,0.0
114041,0.0
114042,1.0
114043,0.0
114044,0.0
114045,1.0
114046,0.0
114047,0.0
114048,1.0
114049,0.0
114050,0.0
114051,0.0
114052,0.0
114053,0.0
114054,0.0
114055,0.0
114056,0.0
114057,0.0
114058,0.0
114059,1.0
114060,0.0
114061,0.0
114062,0.0
114063,0.0
114064,0.0
114065,1.0
114066,1.0
114067,0.0
114068,0.0
114069,0.0
114070,1.0
114071,1.0
114072,0.0
114073,0.0
114074,1.0
114075,0.0
114076,0.0
114077,1.0
114078,1.0
114079,1.0
114080,1.0
114081,0.0
114082,0.0
114083,0.0
114084,0.0
114085,1.0
114086,0.0
114087,0.0
114088,0.0
114089,0.0
114090,0.0
114091,0.0
114092,1.0
114093,0.0
114094,0.0
114095,0.0
114096,0.0
114097,0.0
114098,0.0
114099,0.0
114100,0.0
114101,0.0
114102,0.0
114103,1.0
114104,0.0
114105,1.0
114106,0.0
114107,1.0
114108,0.0
114109,0.0
114110,0.0
114111,0.0
114112,0.0
114113,0.0
114114,0.0
114115,0.0
114116,0.0
114117,0.0
114118,0.0
114119,0.0
114120,0.0
114121,0.0
114122,1.0
114123,0.0
114124,0.0
114125,0.0
114126,0.0
114127,0.0
114128,0.0
114129,0.0
114130,0.0
114131,0.0
114132,1.0
114133,0.0
114134,0.0
114135,0.0
114136,0.0
114137,1.0
114138,1.0
114139,0.0
114140,0.0
114141,0.0
114142,1.0
114143,1.0
114144,0.0
114145,0.0
114146,0.0
114147,1.0
114148,0.0
114149,0.0
114150,0.0
114151,0.0
114152,0.0
114153,1.0
114154,0.0
114155,0.0
114156,1.0
114157,0.0
114158,0.0
114159,0.0
114160,0.0
114161,0.0
114162,0.0
114163,1.0
114164,0.0
114165,0.0
114166,0.0
114167,0.0
114168,1.0
114169,0.0
114170,1.0
114171,0.0
114172,1.0
114173,1.0
114174,0.0
114175,1.0
114176,0.0
114177,0.0
114178,1.0
114179,0.0
114180,0.0
114181,0.0
114182,1.0
114183,1.0
114184,0.0
114185,0.0
114186,0.0
114187,1.0
114188,0.0
114189,1.0
114190,0.0
114191,0.0
114192,0.0
114193,0.0
114194,0.0
114195,0.0
114196,1.0
114197,1.0
114198,1.0
114199,0.0
114200,0.0
114201,0.0
114202,1.0
114203,1.0
114204,0.0
114205,0.0
114206,0.0
114207,0.0
114208,0.0
114209,0.0
114210,1.0
114211,0.0
114212,0.0
114213,0.0
114214,0.0
114215,0.0
114216,0.0
114217,0.0
114218,0.0
114219,1.0
114220,0.0
114221,0.0
114222,0.0
114223,0.0
114224,1.0
114225,0.0
114226,0.0
114227,1.0
114228,0.0
114229,0.0
114230,0.0
114231,0.0
114232,0.0
114233,0.0
114234,0.0
114235,1.0
114236,0.0
114237,0.0
114238,0.0
114239,0.0
114240,0.0
114241,0.0
114242,1.0
114243,0.0
114244,0.0
114245,1.0
114246,0.0
114247,0.0
114248,1.0
114249,1.0
114250,0.0
114251,1.0
114252,0.0
114253,0.0
114254,0.0
114255,0.0
114256,0.0
114257,0.0
114258,0.0
114259,0.0
114260,0.0
114261,0.0
114262,0.0
114263,0.0
114264,1.0
114265,0.0
114266,0.0
114267,1.0
114268,0.0
114269,0.0
114270,1.0
114271,0.0
114272,0.0
114273,0.0
114274,1.0
114275,1.0
114276,0.0
114277,0.0
114278,0.0
114279,0.0
114280,0.0
114281,0.0
114282,0.0
114283,0.0
114284,0.0
114285,0.0
114286,0.0
114287,0.0
114288,0.0
114289,1.0
114290,0.0
114291,0.0
114292,0.0
114293,1.0
114294,1.0
114295,0.0
114296,0.0
114297,0.0
114298,0.0
114299,0.0
114300,0.0
114301,1.0
114302,0.0
114303,0.0
114304,0.0
114305,0.0
114306,0.0
114307,1.0
114308,0.0
114309,0.0
114310,1.0
114311,1.0
114312,0.0
114313,0.0
114314,1.0
114315,0.0
114316,0.0
114317,0.0
114318,1.0
114319,0.0
114320,0.0
114321,0.0
114322,0.0
114323,1.0
114324,0.0
114325,0.0
114326,0.0
114327,0.0
114328,1.0
114329,0.0
114330,0.0
114331,0.0
114332,0.0
114333,0.0
114334,1.0
114335,0.0
114336,1.0
114337,0.0
114338,0.0
114339,1.0
114340,1.0
114341,1.0
114342,0.0
114343,0.0
114344,0.0
114345,1.0
114346,0.0
114347,0.0
114348,1.0
114349,1.0
114350,0.0
114351,0.0
114352,0.0
114353,0.0
114354,0.0
114355,0.0
114356,0.0
114357,0.0
114358,0.0
114359,0.0
114360,0.0
114361,0.0
114362,0.0
114363,0.0
114364,0.0
114365,0.0
114366,0.0
114367,0.0
114368,0.0
114369,0.0
114370,0.0
114371,1.0
114372,0.0
114373,1.0
114374,0.0
114375,0.0
114376,0.0
114377,0.0
114378,1.0
114379,0.0
114380,0.0
114381,0.0
114382,0.0
114383,0.0
114384,1.0
114385,0.0
114386,0.0
114387,0.0
114388,0.0
114389,0.0
114390,0.0
114391,1.0
114392,0.0
114393,0.0
114394,0.0
114395,0.0
114396,0.0
114397,0.0
114398,0.0
114399,0.0
114400,0.0
114401,0.0
114402,1.0
114403,0.0
114404,0.0
114405,0.0
114406,0.0
114407,1.0
114408,0.0
114409,0.0
114410,1.0
114411,1.0
114412,0.0
114413,0.0
114414,0.0
114415,0.0
114416,0.0
114417,0.0
114418,0.0
114419,0.0
114420,0.0
114421,0.0
114422,0.0
114423,0.0
114424,0.0
114425,1.0
114426,0.0
114427,0.0
114428,0.0
114429,0.0
114430,0.0
114431,0.0
114432,0.0
114433,0.0
114434,1.0
114435,0.0
114436,0.0
114437,1.0
114438,0.0
114439,0.0
114440,1.0
114441,0.0
114442,0.0
114443,0.0
114444,1.0
114445,1.0
114446,0.0
114447,0.0
114448,0.0
114449,1.0
114450,0.0
114451,0.0
114452,0.0
114453,0.0
114454,0.0
114455,0.0
114456,0.0
114457,0.0
114458,0.0
114459,0.0
114460,0.0
114461,0.0
114462,0.0
114463,0.0
114464,0.0
114465,0.0
114466,0.0
114467,0.0
114468,0.0
114469,0.0
114470,0.0
114471,1.0
114472,0.0
114473,1.0
114474,0.0
114475,1.0
114476,0.0
114477,1.0
114478,0.0
114479,0.0
114480,0.0
114481,0.0
114482,0.0
114483,0.0
114484,1.0
114485,0.0
114486,0.0
114487,0.0
114488,0.0
114489,0.0
114490,1.0
114491,0.0
114492,0.0
114493,0.0
114494,0.0
114495,0.0
114496,1.0
114497,0.0
114498,1.0
114499,1.0
114500,0.0
114501,0.0
114502,0.0
114503,0.0
114504,0.0
114505,0.0
114506,1.0
114507,0.0
114508,1.0
114509,1.0
114510,0.0
114511,0.0
114512,1.0
114513,1.0
114514,1.0
114515,0.0
114516,0.0
114517,0.0
114518,0.0
114519,0.0
114520,1.0
114521,0.0
114522,0.0
114523,1.0
114524,1.0
114525,1.0
114526,1.0
114527,0.0
114528,0.0
114529,0.0
114530,0.0
114531,0.0
114532,0.0
114533,0.0
114534,0.0
114535,0.0
114536,0.0
114537,0.0
114538,0.0
114539,0.0
114540,0.0
114541,1.0
114542,1.0
114543,1.0
114544,0.0
114545,0.0
114546,0.0
114547,1.0
114548,0.0
114549,0.0
114550,0.0
114551,0.0
114552,0.0
114553,0.0
114554,1.0
114555,1.0
114556,0.0
114557,0.0
114558,0.0
114559,0.0
114560,0.0
114561,1.0
114562,0.0
114563,0.0
114564,0.0
114565,0.0
114566,1.0
114567,0.0
114568,0.0
114569,0.0
114570,0.0
114571,0.0
114572,0.0
114573,0.0
114574,1.0
114575,0.0
114576,1.0
114577,0.0
114578,1.0
114579,0.0
114580,0.0
114581,0.0
114582,0.0
114583,0.0
114584,1.0
114585,0.0
114586,0.0
114587,0.0
114588,0.0
114589,1.0
114590,1.0
114591,1.0
114592,0.0
114593,1.0
114594,0.0
114595,0.0
114596,1.0
114597,0.0
114598,1.0
114599,1.0
114600,1.0
114601,0.0
114602,1.0
114603,0.0
114604,1.0
114605,0.0
114606,0.0
114607,0.0
114608,0.0
114609,1.0
114610,0.0
114611,0.0
114612,0.0
114613,0.0
114614,1.0
114615,1.0
114616,0.0
114617,1.0
114618,1.0
114619,0.0
114620,0.0
114621,1.0
114622,1.0
114623,0.0
114624,0.0
114625,0.0
114626,0.0
114627,0.0
114628,0.0
114629,0.0
114630,0.0
114631,0.0
114632,0.0
114633,0.0
114634,0.0
114635,0.0
114636,0.0
114637,1.0
114638,0.0
114639,0.0
114640,0.0
114641,1.0
114642,0.0
114643,0.0
114644,1.0
114645,0.0
114646,0.0
114647,0.0
114648,0.0
114649,1.0
114650,0.0
114651,1.0
114652,0.0
114653,0.0
114654,0.0
114655,0.0
114656,0.0
114657,0.0
114658,1.0
114659,0.0
114660,0.0
114661,0.0
114662,1.0
114663,0.0
114664,0.0
114665,0.0
114666,0.0
114667,1.0
114668,0.0
114669,0.0
114670,1.0
114671,0.0
114672,0.0
114673,0.0
114674,0.0
114675,1.0
114676,0.0
114677,0.0
114678,0.0
114679,0.0
114680,1.0
114681,0.0
114682,0.0
114683,0.0
114684,1.0
114685,0.0
114686,0.0
114687,0.0
114688,1.0
114689,1.0
114690,0.0
114691,0.0
114692,0.0
114693,0.0
114694,1.0
114695,0.0
114696,0.0
114697,0.0
114698,0.0
114699,0.0
114700,0.0
114701,0.0
114702,0.0
114703,0.0
114704,0.0
114705,1.0
114706,0.0
114707,0.0
114708,0.0
114709,0.0
114710,0.0
114711,0.0
114712,1.0
114713,0.0
114714,0.0
114715,1.0
114716,0.0
114717,0.0
114718,0.0
114719,0.0
114720,0.0
114721,0.0
114722,1.0
114723,1.0
114724,0.0
114725,0.0
114726,1.0
114727,0.0
114728,0.0
114729,0.0
114730,0.0
114731,0.0
114732,0.0
114733,0.0
114734,0.0
114735,1.0
114736,1.0
114737,1.0
114738,0.0
114739,0.0
114740,0.0
114741,0.0
114742,1.0
114743,0.0
114744,0.0
114745,0.0
114746,0.0
114747,0.0
114748,1.0
114749,0.0
114750,0.0
114751,0.0
114752,0.0
114753,1.0
114754,0.0
114755,0.0
114756,0.0
114757,0.0
114758,0.0
114759,1.0
114760,0.0
114761,0.0
114762,0.0
114763,0.0
114764,1.0
114765,1.0
114766,0.0
114767,0.0
114768,0.0
114769,0.0
114770,0.0
114771,1.0
114772,0.0
114773,1.0
114774,0.0
114775,0.0
114776,0.0
114777,1.0
114778,0.0
114779,0.0
114780,0.0
114781,0.0
114782,1.0
114783,1.0
114784,1.0
114785,1.0
114786,0.0
114787,0.0
114788,0.0
114789,0.0
114790,0.0
114791,0.0
114792,0.0
114793,1.0
114794,0.0
114795,0.0
114796,0.0
114797,0.0
114798,1.0
114799,0.0
114800,0.0
114801,1.0
114802,1.0
114803,0.0
114804,0.0
114805,0.0
114806,0.0
114807,0.0
114808,0.0
114809,0.0
114810,0.0
114811,0.0
114812,0.0
114813,0.0
114814,0.0
114815,0.0
114816,0.0
114817,0.0
114818,1.0
114819,0.0
114820,0.0
114821,0.0
114822,0.0
114823,0.0
114824,0.0
114825,1.0
114826,0.0
114827,0.0
114828,1.0
114829,0.0
114830,0.0
114831,0.0
114832,1.0
114833,0.0
114834,0.0
114835,0.0
114836,0.0
114837,0.0
114838,0.0
114839,1.0
114840,0.0
114841,0.0
114842,0.0
114843,1.0
114844,1.0
114845,0.0
114846,1.0
114847,0.0
114848,0.0
114849,0.0
114850,0.0
114851,0.0
114852,0.0
114853,0.0
114854,1.0
114855,0.0
114856,1.0
114857,0.0
114858,0.0
114859,0.0
114860,0.0
114861,1.0
114862,0.0
114863,0.0
114864,1.0
114865,0.0
114866,1.0
114867,0.0
114868,0.0
114869,0.0
114870,0.0
114871,0.0
114872,0.0
114873,0.0
114874,0.0
114875,0.0
114876,0.0
114877,1.0
114878,1.0
114879,0.0
114880,1.0
114881,1.0
114882,0.0
114883,1.0
114884,0.0
114885,0.0
114886,0.0
114887,1.0
114888,0.0
114889,1.0
114890,0.0
114891,0.0
114892,0.0
114893,0.0
114894,1.0
114895,1.0
114896,0.0
114897,0.0
114898,1.0
114899,0.0
114900,0.0
114901,0.0
114902,0.0
114903,0.0
114904,0.0
114905,0.0
114906,1.0
114907,0.0
114908,0.0
114909,0.0
114910,0.0
114911,1.0
114912,0.0
114913,0.0
114914,1.0
114915,0.0
114916,0.0
114917,0.0
114918,1.0
114919,0.0
114920,0.0
114921,0.0
114922,0.0
114923,0.0
114924,0.0
114925,0.0
114926,0.0
114927,0.0
114928,0.0
114929,1.0
114930,0.0
114931,0.0
114932,1.0
114933,1.0
114934,1.0
114935,0.0
114936,1.0
114937,1.0
114938,1.0
114939,1.0
114940,0.0
114941,0.0
114942,0.0
114943,0.0
114944,0.0
114945,0.0
114946,0.0
114947,0.0
114948,1.0
114949,1.0
114950,1.0
114951,0.0
114952,1.0
114953,1.0
114954,0.0
114955,1.0
114956,0.0
114957,0.0
114958,1.0
114959,0.0
114960,0.0
114961,0.0
114962,0.0
114963,0.0
114964,0.0
114965,0.0
114966,0.0
114967,0.0
114968,1.0
114969,0.0
114970,1.0
114971,0.0
114972,0.0
114973,0.0
114974,0.0
114975,0.0
114976,0.0
114977,1.0
114978,0.0
114979,0.0
114980,0.0
114981,0.0
114982,0.0
114983,0.0
114984,1.0
114985,0.0
114986,0.0
114987,1.0
114988,1.0
114989,1.0
114990,0.0
114991,1.0
114992,0.0
114993,0.0
114994,0.0
114995,0.0
114996,0.0
114997,0.0
114998,0.0
114999,0.0
115000,0.0
115001,0.0
115002,0.0
115003,0.0
115004,0.0
115005,0.0
115006,1.0
115007,0.0
115008,1.0
115009,1.0
115010,1.0
115011,0.0
115012,0.0
115013,0.0
115014,0.0
115015,1.0
115016,0.0
115017,0.0
115018,0.0
115019,0.0
115020,1.0
115021,1.0
115022,1.0
115023,0.0
115024,0.0
115025,0.0
115026,1.0
115027,0.0
115028,0.0
115029,0.0
115030,1.0
115031,0.0
115032,0.0
115033,0.0
115034,0.0
115035,0.0
115036,0.0
115037,0.0
115038,0.0
115039,0.0
115040,0.0
115041,0.0
115042,1.0
115043,1.0
115044,0.0
115045,1.0
115046,0.0
115047,1.0
115048,0.0
115049,0.0
115050,0.0
115051,0.0
115052,0.0
115053,0.0
115054,0.0
115055,0.0
115056,0.0
115057,0.0
115058,0.0
115059,0.0
115060,0.0
115061,0.0
115062,1.0
115063,0.0
115064,0.0
115065,0.0
115066,0.0
115067,0.0
115068,0.0
115069,1.0
115070,0.0
115071,1.0
115072,1.0
115073,0.0
115074,0.0
115075,0.0
115076,1.0
115077,0.0
115078,0.0
115079,0.0
115080,1.0
115081,0.0
115082,0.0
115083,0.0
115084,0.0
115085,0.0
115086,0.0
115087,1.0
115088,0.0
115089,0.0
115090,0.0
115091,0.0
115092,0.0
115093,0.0
115094,0.0
115095,1.0
115096,1.0
115097,0.0
115098,0.0
115099,0.0
115100,0.0
115101,0.0
115102,0.0
115103,0.0
115104,0.0
115105,0.0
115106,1.0
115107,0.0
115108,0.0
115109,0.0
115110,0.0
115111,1.0
115112,0.0
115113,0.0
115114,0.0
115115,0.0
115116,1.0
115117,0.0
115118,0.0
115119,1.0
115120,0.0
115121,0.0
115122,0.0
115123,1.0
115124,0.0
115125,0.0
115126,0.0
115127,1.0
115128,1.0
115129,0.0
115130,1.0
115131,0.0
115132,1.0
115133,0.0
115134,0.0
115135,0.0
115136,0.0
115137,0.0
115138,0.0
115139,0.0
115140,0.0
115141,0.0
115142,0.0
115143,0.0
115144,1.0
115145,0.0
115146,0.0
115147,0.0
115148,0.0
115149,1.0
115150,0.0
115151,0.0
115152,0.0
115153,1.0
115154,0.0
115155,1.0
115156,0.0
115157,0.0
115158,0.0
115159,0.0
115160,0.0
115161,0.0
115162,0.0
115163,1.0
115164,0.0
115165,0.0
115166,1.0
115167,0.0
115168,0.0
115169,1.0
115170,1.0
115171,1.0
115172,0.0
115173,0.0
115174,1.0
115175,1.0
115176,1.0
115177,0.0
115178,0.0
115179,0.0
115180,0.0
115181,0.0
115182,0.0
115183,0.0
115184,1.0
115185,0.0
115186,0.0
115187,0.0
115188,1.0
115189,1.0
115190,0.0
115191,0.0
115192,0.0
115193,1.0
115194,1.0
115195,0.0
115196,0.0
115197,1.0
115198,0.0
115199,1.0
115200,1.0
115201,0.0
115202,1.0
115203,1.0
115204,1.0
115205,0.0
115206,0.0
115207,0.0
115208,0.0
115209,1.0
115210,0.0
115211,1.0
115212,1.0
115213,0.0
115214,1.0
115215,0.0
115216,0.0
115217,0.0
115218,0.0
115219,0.0
115220,0.0
115221,0.0
115222,0.0
115223,0.0
115224,0.0
115225,0.0
115226,0.0
115227,0.0
115228,0.0
115229,0.0
115230,0.0
115231,0.0
115232,0.0
115233,0.0
115234,0.0
115235,1.0
115236,0.0
115237,0.0
115238,1.0
115239,0.0
115240,0.0
115241,1.0
115242,0.0
115243,1.0
115244,0.0
115245,0.0
115246,1.0
115247,0.0
115248,0.0
115249,0.0
115250,0.0
115251,1.0
115252,0.0
115253,0.0
115254,0.0
115255,0.0
115256,0.0
115257,0.0
115258,0.0
115259,0.0
115260,0.0
115261,0.0
115262,0.0
115263,0.0
115264,0.0
115265,0.0
115266,0.0
115267,0.0
115268,0.0
115269,0.0
115270,0.0
115271,0.0
115272,0.0
115273,1.0
115274,0.0
115275,0.0
115276,0.0
115277,0.0
115278,0.0
115279,0.0
115280,1.0
115281,0.0
115282,1.0
115283,0.0
115284,0.0
115285,1.0
115286,0.0
115287,0.0
115288,1.0
115289,1.0
115290,0.0
115291,1.0
115292,0.0
115293,0.0
115294,1.0
115295,0.0
115296,0.0
115297,0.0
115298,1.0
115299,0.0
115300,0.0
115301,0.0
115302,0.0
115303,0.0
115304,0.0
115305,1.0
115306,0.0
115307,0.0
115308,0.0
115309,0.0
115310,1.0
115311,0.0
115312,1.0
115313,0.0
115314,0.0
115315,0.0
115316,0.0
115317,1.0
115318,0.0
115319,0.0
115320,1.0
115321,0.0
115322,0.0
115323,0.0
115324,0.0
115325,0.0
115326,1.0
115327,0.0
115328,0.0
115329,0.0
115330,1.0
115331,0.0
115332,0.0
115333,0.0
115334,0.0
115335,1.0
115336,0.0
115337,0.0
115338,0.0
115339,0.0
115340,1.0
115341,0.0
115342,1.0
115343,0.0
115344,1.0
115345,0.0
115346,0.0
115347,1.0
115348,0.0
115349,0.0
115350,1.0
115351,1.0
115352,0.0
115353,1.0
115354,0.0
115355,0.0
115356,1.0
115357,0.0
115358,0.0
115359,0.0
115360,0.0
115361,0.0
115362,1.0
115363,0.0
115364,0.0
115365,1.0
115366,0.0
115367,0.0
115368,0.0
115369,0.0
115370,0.0
115371,1.0
115372,0.0
115373,0.0
115374,1.0
115375,0.0
115376,0.0
115377,0.0
115378,1.0
115379,1.0
115380,0.0
115381,0.0
115382,0.0
115383,0.0
115384,0.0
115385,0.0
115386,1.0
115387,0.0
115388,1.0
115389,0.0
115390,0.0
115391,0.0
115392,0.0
115393,0.0
115394,0.0
115395,0.0
115396,0.0
115397,0.0
115398,0.0
115399,0.0
115400,0.0
115401,1.0
115402,0.0
115403,0.0
115404,1.0
115405,0.0
115406,0.0
115407,0.0
115408,0.0
115409,0.0
115410,0.0
115411,1.0
115412,0.0
115413,0.0
115414,0.0
115415,1.0
115416,0.0
115417,0.0
115418,1.0
115419,0.0
115420,0.0
115421,0.0
115422,0.0
115423,0.0
115424,0.0
115425,1.0
115426,0.0
115427,0.0
115428,1.0
115429,0.0
115430,0.0
115431,0.0
115432,1.0
115433,1.0
115434,0.0
115435,1.0
115436,0.0
115437,0.0
115438,0.0
115439,1.0
115440,0.0
115441,1.0
115442,0.0
115443,0.0
115444,0.0
115445,1.0
115446,1.0
115447,0.0
115448,0.0
115449,0.0
115450,0.0
115451,0.0
115452,0.0
115453,1.0
115454,0.0
115455,0.0
115456,1.0
115457,0.0
115458,0.0
115459,0.0
115460,0.0
115461,0.0
115462,0.0
115463,0.0
115464,1.0
115465,0.0
115466,1.0
115467,0.0
115468,0.0
115469,0.0
115470,0.0
115471,0.0
115472,0.0
115473,0.0
115474,0.0
115475,0.0
115476,1.0
115477,0.0
115478,0.0
115479,0.0
115480,1.0
115481,0.0
115482,0.0
115483,0.0
115484,0.0
115485,1.0
115486,0.0
115487,0.0
115488,0.0
115489,0.0
115490,0.0
115491,0.0
115492,0.0
115493,0.0
115494,1.0
115495,0.0
115496,0.0
115497,0.0
115498,0.0
115499,0.0
115500,1.0
115501,1.0
115502,1.0
115503,0.0
115504,1.0
115505,0.0
115506,0.0
115507,0.0
115508,0.0
115509,0.0
115510,0.0
115511,1.0
115512,0.0
115513,0.0
115514,0.0
115515,0.0
115516,1.0
115517,0.0
115518,1.0
115519,0.0
115520,0.0
115521,0.0
115522,0.0
115523,0.0
115524,0.0
115525,0.0
115526,0.0
115527,0.0
115528,0.0
115529,0.0
115530,0.0
115531,0.0
115532,1.0
115533,1.0
115534,0.0
115535,0.0
115536,0.0
115537,1.0
115538,1.0
115539,0.0
115540,0.0
115541,1.0
115542,0.0
115543,0.0
115544,0.0
115545,0.0
115546,0.0
115547,0.0
115548,1.0
115549,0.0
115550,1.0
115551,1.0
115552,0.0
115553,0.0
115554,0.0
115555,1.0
115556,0.0
115557,0.0
115558,0.0
115559,0.0
115560,0.0
115561,0.0
115562,0.0
115563,0.0
115564,0.0
115565,0.0
115566,1.0
115567,0.0
115568,1.0
115569,0.0
115570,1.0
115571,0.0
115572,1.0
115573,0.0
115574,0.0
115575,0.0
115576,0.0
115577,0.0
115578,0.0
115579,0.0
115580,0.0
115581,0.0
115582,0.0
115583,1.0
115584,0.0
115585,0.0
115586,0.0
115587,0.0
115588,0.0
115589,0.0
115590,1.0
115591,0.0
115592,0.0
115593,0.0
115594,0.0
115595,0.0
115596,1.0
115597,1.0
115598,0.0
115599,0.0
115600,0.0
115601,0.0
115602,0.0
115603,0.0
115604,0.0
115605,0.0
115606,0.0
115607,0.0
115608,1.0
115609,0.0
115610,1.0
115611,0.0
115612,0.0
115613,1.0
115614,0.0
115615,0.0
115616,0.0
115617,1.0
115618,0.0
115619,0.0
115620,1.0
115621,0.0
115622,0.0
115623,0.0
115624,0.0
115625,1.0
115626,0.0
115627,0.0
115628,1.0
115629,1.0
115630,1.0
115631,0.0
115632,1.0
115633,1.0
115634,0.0
115635,0.0
115636,1.0
115637,0.0
115638,0.0
115639,0.0
115640,0.0
115641,0.0
115642,0.0
115643,1.0
115644,1.0
115645,1.0
115646,1.0
115647,1.0
115648,1.0
115649,0.0
115650,0.0
115651,0.0
115652,0.0
115653,0.0
115654,0.0
115655,1.0
115656,0.0
115657,0.0
115658,0.0
115659,0.0
115660,0.0
115661,0.0
115662,0.0
115663,0.0
115664,0.0
115665,0.0
115666,1.0
115667,0.0
115668,0.0
115669,0.0
115670,0.0
115671,1.0
115672,1.0
115673,0.0
115674,0.0
115675,1.0
115676,0.0
115677,0.0
115678,0.0
115679,0.0
115680,0.0
115681,1.0
115682,1.0
115683,0.0
115684,0.0
115685,0.0
115686,0.0
115687,0.0
115688,0.0
115689,0.0
115690,0.0
115691,0.0
115692,0.0
115693,1.0
115694,0.0
115695,0.0
115696,0.0
115697,0.0
115698,0.0
115699,0.0
115700,1.0
115701,0.0
115702,0.0
115703,1.0
115704,1.0
115705,0.0
115706,0.0
115707,0.0
115708,0.0
115709,0.0
115710,0.0
115711,0.0
115712,0.0
115713,0.0
115714,0.0
115715,0.0
115716,0.0
115717,0.0
115718,1.0
115719,0.0
115720,0.0
115721,0.0
115722,0.0
115723,0.0
115724,0.0
115725,0.0
115726,0.0
115727,0.0
115728,0.0
115729,0.0
115730,1.0
115731,0.0
115732,0.0
115733,1.0
115734,0.0
115735,0.0
115736,0.0
115737,1.0
115738,0.0
115739,0.0
115740,0.0
115741,0.0
115742,1.0
115743,0.0
115744,0.0
115745,1.0
115746,0.0
115747,0.0
115748,1.0
115749,0.0
115750,0.0
115751,0.0
115752,0.0
115753,0.0
115754,0.0
115755,0.0
115756,0.0
115757,1.0
115758,0.0
115759,1.0
115760,0.0
115761,0.0
115762,0.0
115763,0.0
115764,0.0
115765,0.0
115766,0.0
115767,0.0
115768,1.0
115769,0.0
115770,0.0
115771,0.0
115772,1.0
115773,1.0
115774,1.0
115775,0.0
115776,0.0
115777,0.0
115778,0.0
115779,0.0
115780,0.0
115781,0.0
115782,0.0
115783,1.0
115784,1.0
115785,0.0
115786,0.0
115787,0.0
115788,0.0
115789,0.0
115790,0.0
115791,1.0
115792,0.0
115793,0.0
115794,0.0
115795,0.0
115796,0.0
115797,1.0
115798,0.0
115799,1.0
115800,0.0
115801,1.0
115802,1.0
115803,0.0
115804,1.0
115805,1.0
115806,1.0
115807,0.0
115808,0.0
115809,0.0
115810,0.0
115811,0.0
115812,0.0
115813,0.0
115814,0.0
115815,0.0
115816,0.0
115817,0.0
115818,0.0
115819,0.0
115820,0.0
115821,1.0
115822,1.0
115823,0.0
115824,0.0
115825,0.0
115826,0.0
115827,1.0
115828,0.0
115829,0.0
115830,0.0
115831,0.0
115832,0.0
115833,0.0
115834,0.0
115835,1.0
115836,0.0
115837,0.0
115838,1.0
115839,0.0
115840,0.0
115841,1.0
115842,1.0
115843,0.0
115844,1.0
115845,0.0
115846,1.0
115847,0.0
115848,0.0
115849,0.0
115850,0.0
115851,0.0
115852,1.0
115853,0.0
115854,0.0
115855,0.0
115856,0.0
115857,1.0
115858,1.0
115859,0.0
115860,1.0
115861,0.0
115862,1.0
115863,0.0
115864,1.0
115865,1.0
115866,0.0
115867,0.0
115868,0.0
115869,0.0
115870,0.0
115871,0.0
115872,0.0
115873,1.0
115874,0.0
115875,0.0
115876,0.0
115877,0.0
115878,0.0
115879,0.0
115880,1.0
115881,0.0
115882,1.0
115883,0.0
115884,0.0
115885,0.0
115886,0.0
115887,0.0
115888,0.0
115889,0.0
115890,1.0
115891,0.0
115892,0.0
115893,0.0
115894,0.0
115895,1.0
115896,0.0
115897,1.0
115898,0.0
115899,1.0
115900,0.0
115901,0.0
115902,0.0
115903,0.0
115904,1.0
115905,1.0
115906,1.0
115907,0.0
115908,1.0
115909,0.0
115910,0.0
115911,0.0
115912,0.0
115913,1.0
115914,0.0
115915,0.0
115916,1.0
115917,0.0
115918,0.0
115919,1.0
115920,1.0
115921,0.0
115922,0.0
115923,0.0
115924,0.0
115925,0.0
115926,0.0
115927,0.0
115928,0.0
115929,0.0
115930,0.0
115931,0.0
115932,0.0
115933,0.0
115934,0.0
115935,1.0
115936,0.0
115937,0.0
115938,0.0
115939,1.0
115940,0.0
115941,0.0
115942,0.0
115943,1.0
115944,0.0
115945,0.0
115946,0.0
115947,0.0
115948,0.0
115949,0.0
115950,1.0
115951,0.0
115952,1.0
115953,0.0
115954,0.0
115955,0.0
115956,0.0
115957,0.0
115958,1.0
115959,0.0
115960,1.0
115961,0.0
115962,1.0
115963,0.0
115964,0.0
115965,0.0
115966,0.0
115967,1.0
115968,0.0
115969,0.0
115970,0.0
115971,0.0
115972,0.0
115973,0.0
115974,0.0
115975,0.0
115976,0.0
115977,1.0
115978,0.0
115979,1.0
115980,0.0
115981,0.0
115982,0.0
115983,1.0
115984,0.0
115985,1.0
115986,0.0
115987,1.0
115988,0.0
115989,0.0
115990,0.0
115991,0.0
115992,0.0
115993,0.0
115994,1.0
115995,0.0
115996,0.0
115997,1.0
115998,0.0
115999,0.0
116000,0.0
116001,0.0
116002,1.0
116003,0.0
116004,0.0
116005,0.0
116006,1.0
116007,0.0
116008,1.0
116009,0.0
116010,0.0
116011,0.0
116012,0.0
116013,1.0
116014,0.0
116015,0.0
116016,0.0
116017,1.0
116018,0.0
116019,0.0
116020,0.0
116021,0.0
116022,1.0
116023,0.0
116024,0.0
116025,0.0
116026,0.0
116027,0.0
116028,0.0
116029,0.0
116030,0.0
116031,0.0
116032,0.0
116033,0.0
116034,0.0
116035,1.0
116036,0.0
116037,0.0
116038,0.0
116039,0.0
116040,0.0
116041,0.0
116042,0.0
116043,1.0
116044,0.0
116045,0.0
116046,1.0
116047,1.0
116048,0.0
116049,1.0
116050,0.0
116051,0.0
116052,0.0
116053,0.0
116054,0.0
116055,1.0
116056,1.0
116057,0.0
116058,1.0
116059,0.0
116060,0.0
116061,1.0
116062,1.0
116063,0.0
116064,0.0
116065,0.0
116066,0.0
116067,0.0
116068,1.0
116069,0.0
116070,0.0
116071,0.0
116072,1.0
116073,0.0
116074,1.0
116075,0.0
116076,0.0
116077,0.0
116078,1.0
116079,0.0
116080,0.0
116081,0.0
116082,0.0
116083,0.0
116084,0.0
116085,0.0
116086,1.0
116087,0.0
116088,0.0
116089,0.0
116090,0.0
116091,0.0
116092,0.0
116093,0.0
116094,0.0
116095,1.0
116096,1.0
116097,0.0
116098,1.0
116099,1.0
116100,0.0
116101,0.0
116102,0.0
116103,1.0
116104,0.0
116105,0.0
116106,0.0
116107,0.0
116108,0.0
116109,0.0
116110,1.0
116111,0.0
116112,0.0
116113,1.0
116114,0.0
116115,0.0
116116,0.0
116117,1.0
116118,0.0
116119,0.0
116120,0.0
116121,1.0
116122,1.0
116123,0.0
116124,0.0
116125,0.0
116126,0.0
116127,0.0
116128,0.0
116129,0.0
116130,0.0
116131,1.0
116132,1.0
116133,0.0
116134,0.0
116135,0.0
116136,1.0
116137,0.0
116138,0.0
116139,0.0
116140,0.0
116141,0.0
116142,0.0
116143,0.0
116144,0.0
116145,0.0
116146,0.0
116147,0.0
116148,0.0
116149,0.0
116150,1.0
116151,0.0
116152,0.0
116153,0.0
116154,0.0
116155,0.0
116156,0.0
116157,0.0
116158,0.0
116159,0.0
116160,1.0
116161,0.0
116162,0.0
116163,0.0
116164,0.0
116165,0.0
116166,1.0
116167,0.0
116168,0.0
116169,0.0
116170,0.0
116171,0.0
116172,0.0
116173,1.0
116174,0.0
116175,0.0
116176,0.0
116177,0.0
116178,0.0
116179,0.0
116180,1.0
116181,0.0
116182,0.0
116183,1.0
116184,0.0
116185,0.0
116186,1.0
116187,1.0
116188,0.0
116189,0.0
116190,0.0
116191,0.0
116192,0.0
116193,0.0
116194,0.0
116195,1.0
116196,1.0
116197,0.0
116198,0.0
116199,0.0
116200,0.0
116201,1.0
116202,0.0
116203,0.0
116204,0.0
116205,0.0
116206,1.0
116207,0.0
116208,1.0
116209,0.0
116210,0.0
116211,0.0
116212,0.0
116213,0.0
116214,0.0
116215,0.0
116216,0.0
116217,0.0
116218,0.0
116219,0.0
116220,0.0
116221,1.0
116222,0.0
116223,0.0
116224,0.0
116225,0.0
116226,0.0
116227,0.0
116228,0.0
116229,0.0
116230,0.0
116231,0.0
116232,0.0
116233,0.0
116234,0.0
116235,0.0
116236,0.0
116237,1.0
116238,0.0
116239,1.0
116240,1.0
116241,0.0
116242,1.0
116243,1.0
116244,0.0
116245,0.0
116246,0.0
116247,0.0
116248,0.0
116249,0.0
116250,0.0
116251,0.0
116252,0.0
116253,1.0
116254,0.0
116255,0.0
116256,1.0
116257,0.0
116258,0.0
116259,0.0
116260,0.0
116261,0.0
116262,0.0
116263,0.0
116264,0.0
116265,0.0
116266,0.0
116267,0.0
116268,0.0
116269,0.0
116270,1.0
116271,0.0
116272,1.0
116273,1.0
116274,1.0
116275,0.0
116276,0.0
116277,0.0
116278,0.0
116279,1.0
116280,0.0
116281,0.0
116282,0.0
116283,0.0
116284,0.0
116285,1.0
116286,0.0
116287,0.0
116288,1.0
116289,0.0
116290,0.0
116291,0.0
116292,1.0
116293,0.0
116294,0.0
116295,0.0
116296,1.0
116297,0.0
116298,0.0
116299,1.0
116300,0.0
116301,0.0
116302,0.0
116303,1.0
116304,0.0
116305,0.0
116306,1.0
116307,0.0
116308,0.0
116309,0.0
116310,1.0
116311,0.0
116312,0.0
116313,1.0
116314,0.0
116315,1.0
116316,0.0
116317,0.0
116318,1.0
116319,0.0
116320,0.0
116321,0.0
116322,0.0
116323,0.0
116324,0.0
116325,0.0
116326,1.0
116327,0.0
116328,0.0
116329,0.0
116330,0.0
116331,1.0
116332,0.0
116333,1.0
116334,1.0
116335,0.0
116336,1.0
116337,0.0
116338,0.0
116339,1.0
116340,0.0
116341,0.0
116342,0.0
116343,0.0
116344,0.0
116345,1.0
116346,1.0
116347,0.0
116348,0.0
116349,0.0
116350,0.0
116351,0.0
116352,0.0
116353,0.0
116354,0.0
116355,0.0
116356,0.0
116357,0.0
116358,0.0
116359,0.0
116360,0.0
116361,1.0
116362,0.0
116363,0.0
116364,1.0
116365,0.0
116366,0.0
116367,0.0
116368,1.0
116369,0.0
116370,0.0
116371,0.0
116372,1.0
116373,0.0
116374,1.0
116375,0.0
116376,1.0
116377,0.0
116378,0.0
116379,0.0
116380,0.0
116381,0.0
116382,0.0
116383,1.0
116384,0.0
116385,1.0
116386,0.0
116387,0.0
116388,1.0
116389,0.0
116390,0.0
116391,0.0
116392,1.0
116393,0.0
116394,0.0
116395,0.0
116396,0.0
116397,0.0
116398,0.0
116399,1.0
116400,0.0
116401,0.0
116402,1.0
116403,0.0
116404,0.0
116405,0.0
116406,1.0
116407,0.0
116408,0.0
116409,0.0
116410,0.0
116411,1.0
116412,1.0
116413,0.0
116414,1.0
116415,0.0
116416,1.0
116417,0.0
116418,1.0
116419,1.0
116420,0.0
116421,0.0
116422,0.0
116423,0.0
116424,0.0
116425,0.0
116426,0.0
116427,0.0
116428,0.0
116429,0.0
116430,0.0
116431,0.0
116432,1.0
116433,1.0
116434,0.0
116435,1.0
116436,0.0
116437,0.0
116438,0.0
116439,1.0
116440,0.0
116441,0.0
116442,1.0
116443,0.0
116444,0.0
116445,0.0
116446,1.0
116447,0.0
116448,0.0
116449,0.0
116450,1.0
116451,0.0
116452,0.0
116453,0.0
116454,0.0
116455,0.0
116456,0.0
116457,0.0
116458,0.0
116459,0.0
116460,0.0
116461,1.0
116462,0.0
116463,0.0
116464,0.0
116465,0.0
116466,1.0
116467,0.0
116468,1.0
116469,0.0
116470,0.0
116471,0.0
116472,0.0
116473,0.0
116474,0.0
116475,0.0
116476,0.0
116477,1.0
116478,0.0
116479,1.0
116480,1.0
116481,0.0
116482,0.0
116483,0.0
116484,0.0
116485,0.0
116486,0.0
116487,0.0
116488,1.0
116489,0.0
116490,0.0
116491,1.0
116492,0.0
116493,0.0
116494,0.0
116495,0.0
116496,0.0
116497,0.0
116498,0.0
116499,0.0
116500,1.0
116501,1.0
116502,0.0
116503,0.0
116504,0.0
116505,0.0
116506,1.0
116507,0.0
116508,1.0
116509,1.0
116510,0.0
116511,0.0
116512,1.0
116513,0.0
116514,1.0
116515,0.0
116516,0.0
116517,1.0
116518,0.0
116519,0.0
116520,0.0
116521,0.0
116522,1.0
116523,0.0
116524,0.0
116525,0.0
116526,0.0
116527,0.0
116528,0.0
116529,0.0
116530,0.0
116531,0.0
116532,0.0
116533,0.0
116534,0.0
116535,0.0
116536,0.0
116537,0.0
116538,1.0
116539,0.0
116540,0.0
116541,0.0
116542,1.0
116543,0.0
116544,1.0
116545,1.0
116546,0.0
116547,0.0
116548,1.0
116549,0.0
116550,1.0
116551,0.0
116552,0.0
116553,0.0
116554,0.0
116555,1.0
116556,0.0
116557,0.0
116558,1.0
116559,1.0
116560,0.0
116561,0.0
116562,0.0
116563,0.0
116564,1.0
116565,1.0
116566,1.0
116567,0.0
116568,0.0
116569,0.0
116570,0.0
116571,0.0
116572,0.0
116573,0.0
116574,1.0
116575,0.0
116576,0.0
116577,0.0
116578,0.0
116579,1.0
116580,0.0
116581,0.0
116582,0.0
116583,1.0
116584,1.0
116585,0.0
116586,0.0
116587,0.0
116588,0.0
116589,1.0
116590,0.0
116591,0.0
116592,0.0
116593,0.0
116594,1.0
116595,0.0
116596,0.0
116597,0.0
116598,1.0
116599,1.0
116600,0.0
116601,0.0
116602,0.0
116603,0.0
116604,0.0
116605,0.0
116606,1.0
116607,0.0
116608,0.0
116609,0.0
116610,0.0
116611,0.0
116612,0.0
116613,0.0
116614,1.0
116615,0.0
116616,0.0
116617,1.0
116618,0.0
116619,0.0
116620,1.0
116621,0.0
116622,0.0
116623,0.0
116624,1.0
116625,1.0
116626,0.0
116627,1.0
116628,0.0
116629,1.0
116630,0.0
116631,0.0
116632,0.0
116633,1.0
116634,0.0
116635,0.0
116636,1.0
116637,0.0
116638,1.0
116639,0.0
116640,0.0
116641,0.0
116642,1.0
116643,0.0
116644,0.0
116645,1.0
116646,1.0
116647,1.0
116648,1.0
116649,1.0
116650,0.0
116651,0.0
116652,0.0
116653,0.0
116654,0.0
116655,1.0
116656,0.0
116657,0.0
116658,1.0
116659,0.0
116660,0.0
116661,0.0
116662,1.0
116663,0.0
116664,0.0
116665,0.0
116666,0.0
116667,0.0
116668,0.0
116669,1.0
116670,0.0
116671,0.0
116672,0.0
116673,0.0
116674,1.0
116675,1.0
116676,0.0
116677,0.0
116678,0.0
116679,0.0
116680,1.0
116681,0.0
116682,0.0
116683,0.0
116684,1.0
116685,1.0
116686,0.0
116687,0.0
116688,0.0
116689,1.0
116690,0.0
116691,0.0
116692,0.0
116693,1.0
116694,1.0
116695,1.0
116696,0.0
116697,0.0
116698,0.0
116699,0.0
116700,1.0
116701,0.0
116702,0.0
116703,0.0
116704,1.0
116705,0.0
116706,1.0
116707,0.0
116708,0.0
116709,0.0
116710,0.0
116711,0.0
116712,0.0
116713,0.0
116714,0.0
116715,1.0
116716,0.0
116717,0.0
116718,1.0
116719,0.0
116720,0.0
116721,0.0
116722,1.0
116723,1.0
116724,1.0
116725,0.0
116726,1.0
116727,1.0
116728,0.0
116729,0.0
116730,0.0
116731,0.0
116732,1.0
116733,0.0
116734,0.0
116735,0.0
116736,0.0
116737,0.0
116738,0.0
116739,0.0
116740,0.0
116741,0.0
116742,1.0
116743,0.0
116744,0.0
116745,1.0
116746,0.0
116747,0.0
116748,0.0
116749,1.0
116750,0.0
116751,0.0
116752,0.0
116753,0.0
116754,0.0
116755,0.0
116756,0.0
116757,0.0
116758,0.0
116759,0.0
116760,0.0
116761,1.0
116762,0.0
116763,0.0
116764,0.0
116765,0.0
116766,0.0
116767,0.0
116768,1.0
116769,1.0
116770,0.0
116771,0.0
116772,0.0
116773,0.0
116774,1.0
116775,0.0
116776,0.0
116777,0.0
116778,0.0
116779,0.0
116780,1.0
116781,0.0
116782,0.0
116783,1.0
116784,1.0
116785,1.0
116786,1.0
116787,0.0
116788,1.0
116789,0.0
116790,0.0
116791,1.0
116792,0.0
116793,0.0
116794,1.0
116795,1.0
116796,0.0
116797,0.0
116798,0.0
116799,1.0
116800,0.0
116801,0.0
116802,0.0
116803,1.0
116804,1.0
116805,0.0
116806,0.0
116807,0.0
116808,1.0
116809,0.0
116810,0.0
116811,1.0
116812,0.0
116813,0.0
116814,1.0
116815,0.0
116816,1.0
116817,0.0
116818,0.0
116819,0.0
116820,0.0
116821,0.0
116822,0.0
116823,1.0
116824,0.0
116825,0.0
116826,0.0
116827,0.0
116828,0.0
116829,1.0
116830,0.0
116831,0.0
116832,0.0
116833,0.0
116834,0.0
116835,1.0
116836,0.0
116837,1.0
116838,0.0
116839,0.0
116840,0.0
116841,0.0
116842,1.0
116843,0.0
116844,0.0
116845,0.0
116846,1.0
116847,0.0
116848,0.0
116849,1.0
116850,0.0
116851,0.0
116852,1.0
116853,1.0
116854,0.0
116855,0.0
116856,0.0
116857,1.0
116858,0.0
116859,0.0
116860,1.0
116861,0.0
116862,0.0
116863,1.0
116864,0.0
116865,1.0
116866,0.0
116867,0.0
116868,0.0
116869,0.0
116870,1.0
116871,1.0
116872,1.0
116873,1.0
116874,0.0
116875,0.0
116876,0.0
116877,0.0
116878,0.0
116879,1.0
116880,0.0
116881,0.0
116882,0.0
116883,0.0
116884,0.0
116885,0.0
116886,0.0
116887,0.0
116888,1.0
116889,0.0
116890,1.0
116891,0.0
116892,0.0
116893,1.0
116894,0.0
116895,0.0
116896,0.0
116897,0.0
116898,1.0
116899,0.0
116900,0.0
116901,0.0
116902,0.0
116903,1.0
116904,0.0
116905,1.0
116906,0.0
116907,0.0
116908,0.0
116909,1.0
116910,1.0
116911,0.0
116912,0.0
116913,0.0
116914,0.0
116915,0.0
116916,1.0
116917,0.0
116918,0.0
116919,0.0
116920,0.0
116921,0.0
116922,0.0
116923,1.0
116924,1.0
116925,0.0
116926,1.0
116927,0.0
116928,0.0
116929,0.0
116930,0.0
116931,0.0
116932,0.0
116933,0.0
116934,0.0
116935,0.0
116936,1.0
116937,0.0
116938,0.0
116939,0.0
116940,1.0
116941,1.0
116942,0.0
116943,1.0
116944,0.0
116945,1.0
116946,1.0
116947,1.0
116948,0.0
116949,0.0
116950,1.0
116951,0.0
116952,1.0
116953,0.0
116954,0.0
116955,1.0
116956,0.0
116957,0.0
116958,0.0
116959,0.0
116960,0.0
116961,0.0
116962,0.0
116963,0.0
116964,0.0
116965,0.0
116966,0.0
116967,1.0
116968,0.0
116969,0.0
116970,0.0
116971,0.0
116972,0.0
116973,0.0
116974,1.0
116975,0.0
116976,1.0
116977,0.0
116978,0.0
116979,1.0
116980,0.0
116981,1.0
116982,0.0
116983,0.0
116984,0.0
116985,0.0
116986,1.0
116987,0.0
116988,0.0
116989,1.0
116990,0.0
116991,0.0
116992,0.0
116993,0.0
116994,0.0
116995,1.0
116996,1.0
116997,0.0
116998,1.0
116999,1.0
117000,0.0
117001,1.0
117002,0.0
117003,0.0
117004,0.0
117005,0.0
117006,0.0
117007,1.0
117008,1.0
117009,0.0
117010,0.0
117011,1.0
117012,1.0
117013,1.0
117014,0.0
117015,0.0
117016,0.0
117017,0.0
117018,0.0
117019,0.0
117020,1.0
117021,1.0
117022,0.0
117023,0.0
117024,1.0
117025,0.0
117026,0.0
117027,0.0
117028,0.0
117029,1.0
117030,0.0
117031,0.0
117032,0.0
117033,0.0
117034,0.0
117035,0.0
117036,1.0
117037,1.0
117038,1.0
117039,0.0
117040,0.0
117041,0.0
117042,0.0
117043,0.0
117044,0.0
117045,0.0
117046,0.0
117047,0.0
117048,0.0
117049,1.0
117050,1.0
117051,1.0
117052,1.0
117053,0.0
117054,1.0
117055,0.0
117056,0.0
117057,0.0
117058,1.0
117059,0.0
117060,0.0
117061,0.0
117062,0.0
117063,0.0
117064,1.0
117065,0.0
117066,0.0
117067,1.0
117068,0.0
117069,0.0
117070,0.0
117071,0.0
117072,0.0
117073,0.0
117074,0.0
117075,0.0
117076,0.0
117077,0.0
117078,0.0
117079,0.0
117080,0.0
117081,1.0
117082,1.0
117083,0.0
117084,0.0
117085,1.0
117086,1.0
117087,0.0
117088,0.0
117089,0.0
117090,0.0
117091,1.0
117092,0.0
117093,0.0
117094,0.0
117095,1.0
117096,1.0
117097,0.0
117098,0.0
117099,1.0
117100,1.0
117101,1.0
117102,0.0
117103,0.0
117104,0.0
117105,0.0
117106,0.0
117107,0.0
117108,0.0
117109,1.0
117110,0.0
117111,0.0
117112,0.0
117113,0.0
117114,0.0
117115,1.0
117116,0.0
117117,0.0
117118,0.0
117119,0.0
117120,0.0
117121,0.0
117122,0.0
117123,0.0
117124,0.0
117125,1.0
117126,0.0
117127,0.0
117128,1.0
117129,1.0
117130,0.0
117131,0.0
117132,0.0
117133,0.0
117134,1.0
117135,0.0
117136,0.0
117137,0.0
117138,0.0
117139,0.0
117140,0.0
117141,1.0
117142,0.0
117143,1.0
117144,0.0
117145,0.0
117146,0.0
117147,1.0
117148,1.0
117149,0.0
117150,0.0
117151,0.0
117152,0.0
117153,1.0
117154,0.0
117155,1.0
117156,1.0
117157,0.0
117158,0.0
117159,0.0
117160,0.0
117161,1.0
117162,1.0
117163,0.0
117164,0.0
117165,1.0
117166,0.0
117167,0.0
117168,1.0
117169,0.0
117170,0.0
117171,1.0
117172,1.0
117173,1.0
117174,1.0
117175,0.0
117176,0.0
117177,1.0
117178,1.0
117179,1.0
117180,1.0
117181,0.0
117182,1.0
117183,0.0
117184,0.0
117185,1.0
117186,0.0
117187,0.0
117188,0.0
117189,0.0
117190,0.0
117191,1.0
117192,1.0
117193,0.0
117194,0.0
117195,0.0
117196,0.0
117197,1.0
117198,0.0
117199,0.0
117200,0.0
117201,1.0
117202,0.0
117203,0.0
117204,0.0
117205,1.0
117206,0.0
117207,0.0
117208,0.0
117209,0.0
117210,0.0
117211,0.0
117212,1.0
117213,0.0
117214,0.0
117215,0.0
117216,0.0
117217,0.0
117218,0.0
117219,0.0
117220,0.0
117221,0.0
117222,0.0
117223,0.0
117224,1.0
117225,0.0
117226,0.0
117227,0.0
117228,0.0
117229,0.0
117230,0.0
117231,0.0
117232,0.0
117233,0.0
117234,1.0
117235,0.0
117236,0.0
117237,0.0
117238,1.0
117239,0.0
117240,0.0
117241,1.0
117242,0.0
117243,0.0
117244,0.0
117245,0.0
117246,0.0
117247,1.0
117248,0.0
117249,0.0
117250,0.0
117251,1.0
117252,1.0
117253,1.0
117254,0.0
117255,0.0
117256,0.0
117257,0.0
117258,0.0
117259,1.0
117260,0.0
117261,0.0
117262,0.0
117263,1.0
117264,0.0
117265,1.0
117266,0.0
117267,0.0
117268,0.0
117269,0.0
117270,1.0
117271,0.0
117272,1.0
117273,0.0
117274,0.0
117275,0.0
117276,0.0
117277,0.0
117278,1.0
117279,0.0
117280,0.0
117281,0.0
117282,0.0
117283,0.0
117284,0.0
117285,0.0
117286,1.0
117287,1.0
117288,0.0
117289,0.0
117290,0.0
117291,0.0
117292,0.0
117293,0.0
117294,1.0
117295,0.0
117296,0.0
117297,0.0
117298,0.0
117299,0.0
117300,0.0
117301,0.0
117302,0.0
117303,0.0
117304,1.0
117305,1.0
117306,0.0
117307,0.0
117308,1.0
117309,1.0
117310,1.0
117311,0.0
117312,0.0
117313,0.0
117314,0.0
117315,0.0
117316,0.0
117317,0.0
117318,0.0
117319,0.0
117320,0.0
117321,0.0
117322,1.0
117323,0.0
117324,1.0
117325,1.0
117326,0.0
117327,0.0
117328,1.0
117329,0.0
117330,0.0
117331,1.0
117332,0.0
117333,1.0
117334,1.0
117335,0.0
117336,0.0
117337,0.0
117338,0.0
117339,0.0
117340,0.0
117341,0.0
117342,0.0
117343,0.0
117344,0.0
117345,0.0
117346,0.0
117347,0.0
117348,1.0
117349,0.0
117350,0.0
117351,0.0
117352,1.0
117353,0.0
117354,0.0
117355,0.0
117356,0.0
117357,1.0
117358,1.0
117359,0.0
117360,0.0
117361,0.0
117362,0.0
117363,0.0
117364,1.0
117365,1.0
117366,0.0
117367,0.0
117368,0.0
117369,0.0
117370,0.0
117371,1.0
117372,0.0
117373,0.0
117374,1.0
117375,0.0
117376,0.0
117377,0.0
117378,0.0
117379,1.0
117380,1.0
117381,0.0
117382,0.0
117383,0.0
117384,1.0
117385,0.0
117386,0.0
117387,0.0
117388,1.0
117389,1.0
117390,0.0
117391,1.0
117392,0.0
117393,1.0
117394,0.0
117395,0.0
117396,1.0
117397,0.0
117398,0.0
117399,1.0
117400,1.0
117401,0.0
117402,0.0
117403,1.0
117404,1.0
117405,0.0
117406,0.0
117407,0.0
117408,1.0
117409,0.0
117410,0.0
117411,0.0
117412,0.0
117413,0.0
117414,0.0
117415,0.0
117416,0.0
117417,0.0
117418,0.0
117419,0.0
117420,1.0
117421,0.0
117422,1.0
117423,0.0
117424,0.0
117425,0.0
117426,0.0
117427,0.0
117428,1.0
117429,0.0
117430,0.0
117431,1.0
117432,1.0
117433,0.0
117434,0.0
117435,0.0
117436,1.0
117437,1.0
117438,1.0
117439,0.0
117440,1.0
117441,0.0
117442,0.0
117443,0.0
117444,0.0
117445,0.0
117446,0.0
117447,0.0
117448,1.0
117449,1.0
117450,0.0
117451,0.0
117452,0.0
117453,0.0
117454,0.0
117455,0.0
117456,1.0
117457,0.0
117458,0.0
117459,0.0
117460,1.0
117461,0.0
117462,0.0
117463,0.0
117464,0.0
117465,0.0
117466,0.0
117467,1.0
117468,0.0
117469,1.0
117470,0.0
117471,0.0
117472,0.0
117473,0.0
117474,0.0
117475,0.0
117476,0.0
117477,1.0
117478,0.0
117479,0.0
117480,0.0
117481,1.0
117482,0.0
117483,0.0
117484,0.0
117485,0.0
117486,0.0
117487,0.0
117488,0.0
117489,0.0
117490,0.0
117491,1.0
117492,0.0
117493,0.0
117494,0.0
117495,0.0
117496,0.0
117497,0.0
117498,0.0
117499,1.0
117500,0.0
117501,1.0
117502,0.0
117503,0.0
117504,0.0
117505,0.0
117506,0.0
117507,1.0
117508,0.0
117509,0.0
117510,0.0
117511,0.0
117512,1.0
117513,0.0
117514,0.0
117515,0.0
117516,1.0
117517,0.0
117518,0.0
117519,0.0
117520,0.0
117521,0.0
117522,0.0
117523,0.0
117524,0.0
117525,1.0
117526,0.0
117527,1.0
117528,0.0
117529,1.0
117530,0.0
117531,1.0
117532,0.0
117533,0.0
117534,0.0
117535,0.0
117536,0.0
117537,0.0
117538,0.0
117539,0.0
117540,0.0
117541,0.0
117542,1.0
117543,0.0
117544,1.0
117545,1.0
117546,0.0
117547,0.0
117548,0.0
117549,0.0
117550,0.0
117551,0.0
117552,1.0
117553,1.0
117554,0.0
117555,0.0
117556,0.0
117557,0.0
117558,1.0
117559,1.0
117560,1.0
117561,1.0
117562,0.0
117563,1.0
117564,1.0
117565,0.0
117566,0.0
117567,1.0
117568,0.0
117569,0.0
117570,0.0
117571,0.0
117572,0.0
117573,0.0
117574,0.0
117575,0.0
117576,1.0
117577,0.0
117578,1.0
117579,0.0
117580,0.0
117581,1.0
117582,0.0
117583,0.0
117584,0.0
117585,1.0
117586,0.0
117587,0.0
117588,1.0
117589,0.0
117590,0.0
117591,0.0
117592,0.0
117593,0.0
117594,0.0
117595,1.0
117596,1.0
117597,0.0
117598,0.0
117599,0.0
117600,1.0
117601,1.0
117602,0.0
117603,0.0
117604,0.0
117605,0.0
117606,1.0
117607,0.0
117608,0.0
117609,0.0
117610,0.0
117611,0.0
117612,0.0
117613,1.0
117614,0.0
117615,0.0
117616,0.0
117617,0.0
117618,0.0
117619,0.0
117620,1.0
117621,0.0
117622,0.0
117623,1.0
117624,0.0
117625,0.0
117626,0.0
117627,0.0
117628,0.0
117629,0.0
117630,1.0
117631,0.0
117632,0.0
117633,1.0
117634,0.0
117635,0.0
117636,0.0
117637,1.0
117638,0.0
117639,1.0
117640,0.0
117641,0.0
117642,1.0
117643,0.0
117644,0.0
117645,1.0
117646,0.0
117647,0.0
117648,0.0
117649,0.0
117650,0.0
117651,0.0
117652,0.0
117653,0.0
117654,1.0
117655,0.0
117656,0.0
117657,0.0
117658,1.0
117659,0.0
117660,1.0
117661,0.0
117662,1.0
117663,0.0
117664,0.0
117665,1.0
117666,1.0
117667,0.0
117668,1.0
117669,0.0
117670,0.0
117671,1.0
117672,0.0
117673,1.0
117674,0.0
117675,0.0
117676,0.0
117677,0.0
117678,0.0
117679,0.0
117680,1.0
117681,1.0
117682,1.0
117683,0.0
117684,0.0
117685,0.0
117686,0.0
117687,0.0
117688,0.0
117689,0.0
117690,0.0
117691,0.0
117692,0.0
117693,0.0
117694,0.0
117695,0.0
117696,0.0
117697,0.0
117698,0.0
117699,0.0
117700,0.0
117701,0.0
117702,0.0
117703,0.0
117704,0.0
117705,1.0
117706,1.0
117707,1.0
117708,0.0
117709,0.0
117710,1.0
117711,0.0
117712,1.0
117713,0.0
117714,1.0
117715,0.0
117716,0.0
117717,1.0
117718,0.0
117719,0.0
117720,1.0
117721,0.0
117722,0.0
117723,0.0
117724,0.0
117725,0.0
117726,1.0
117727,0.0
117728,0.0
117729,1.0
117730,0.0
117731,0.0
117732,0.0
117733,0.0
117734,0.0
117735,0.0
117736,0.0
117737,1.0
117738,0.0
117739,0.0
117740,0.0
117741,0.0
117742,1.0
117743,1.0
117744,0.0
117745,1.0
117746,1.0
117747,0.0
117748,0.0
117749,0.0
117750,0.0
117751,0.0
117752,0.0
117753,0.0
117754,0.0
117755,1.0
117756,0.0
117757,0.0
117758,0.0
117759,0.0
117760,0.0
117761,1.0
117762,0.0
117763,1.0
117764,0.0
117765,0.0
117766,0.0
117767,1.0
117768,0.0
117769,0.0
117770,1.0
117771,1.0
117772,0.0
117773,1.0
117774,0.0
117775,0.0
117776,1.0
117777,0.0
117778,0.0
117779,1.0
117780,0.0
117781,1.0
117782,0.0
117783,0.0
117784,1.0
117785,0.0
117786,0.0
117787,1.0
117788,0.0
117789,0.0
117790,0.0
117791,0.0
117792,0.0
117793,0.0
117794,1.0
117795,0.0
117796,0.0
117797,0.0
117798,1.0
117799,0.0
117800,0.0
117801,0.0
117802,0.0
117803,0.0
117804,1.0
117805,0.0
117806,0.0
117807,0.0
117808,0.0
117809,1.0
117810,0.0
117811,0.0
117812,0.0
117813,0.0
117814,1.0
117815,0.0
117816,0.0
117817,1.0
117818,0.0
117819,1.0
117820,0.0
117821,1.0
117822,0.0
117823,0.0
117824,1.0
117825,0.0
117826,1.0
117827,1.0
117828,0.0
117829,0.0
117830,0.0
117831,0.0
117832,0.0
117833,0.0
117834,0.0
117835,0.0
117836,0.0
117837,1.0
117838,0.0
117839,1.0
117840,1.0
117841,1.0
117842,1.0
117843,0.0
117844,0.0
117845,0.0
117846,0.0
117847,0.0
117848,0.0
117849,0.0
117850,1.0
117851,1.0
117852,0.0
117853,0.0
117854,0.0
117855,0.0
117856,0.0
117857,0.0
117858,0.0
117859,0.0
117860,1.0
117861,1.0
117862,0.0
117863,0.0
117864,0.0
117865,0.0
117866,1.0
117867,0.0
117868,0.0
117869,1.0
117870,0.0
117871,0.0
117872,1.0
117873,1.0
117874,0.0
117875,0.0
117876,1.0
117877,1.0
117878,0.0
117879,0.0
117880,0.0
117881,0.0
117882,0.0
117883,0.0
117884,1.0
117885,0.0
117886,0.0
117887,0.0
117888,0.0
117889,1.0
117890,0.0
117891,1.0
117892,0.0
117893,0.0
117894,0.0
117895,1.0
117896,0.0
117897,0.0
117898,0.0
117899,0.0
117900,0.0
117901,0.0
117902,1.0
117903,0.0
117904,0.0
117905,1.0
117906,1.0
117907,0.0
117908,0.0
117909,0.0
117910,0.0
117911,0.0
117912,0.0
117913,0.0
117914,0.0
117915,0.0
117916,0.0
117917,0.0
117918,1.0
117919,0.0
117920,1.0
117921,0.0
117922,0.0
117923,0.0
117924,1.0
117925,0.0
117926,1.0
117927,0.0
117928,0.0
117929,1.0
117930,1.0
117931,1.0
117932,0.0
117933,1.0
117934,0.0
117935,0.0
117936,0.0
117937,0.0
117938,0.0
117939,0.0
117940,1.0
117941,0.0
117942,0.0
117943,0.0
117944,0.0
117945,0.0
117946,0.0
117947,0.0
117948,0.0
117949,0.0
117950,0.0
117951,0.0
117952,1.0
117953,0.0
117954,1.0
117955,0.0
117956,1.0
117957,1.0
117958,0.0
117959,0.0
117960,0.0
117961,0.0
117962,0.0
117963,0.0
117964,0.0
117965,0.0
117966,1.0
117967,0.0
117968,0.0
117969,1.0
117970,1.0
117971,1.0
117972,0.0
117973,0.0
117974,1.0
117975,0.0
117976,0.0
117977,1.0
117978,0.0
117979,0.0
117980,0.0
117981,0.0
117982,1.0
117983,0.0
117984,0.0
117985,0.0
117986,0.0
117987,1.0
117988,1.0
117989,1.0
117990,1.0
117991,1.0
117992,0.0
117993,1.0
117994,0.0
117995,0.0
117996,1.0
117997,0.0
117998,0.0
117999,0.0
118000,1.0
118001,0.0
118002,0.0
118003,0.0
118004,0.0
118005,1.0
118006,0.0
118007,0.0
118008,0.0
118009,1.0
118010,1.0
118011,0.0
118012,0.0
118013,1.0
118014,0.0
118015,0.0
118016,1.0
118017,0.0
118018,0.0
118019,0.0
118020,0.0
118021,1.0
118022,0.0
118023,0.0
118024,0.0
118025,0.0
118026,0.0
118027,0.0
118028,1.0
118029,1.0
118030,0.0
118031,0.0
118032,0.0
118033,1.0
118034,1.0
118035,0.0
118036,0.0
118037,0.0
118038,0.0
118039,1.0
118040,0.0
118041,0.0
118042,0.0
118043,1.0
118044,0.0
118045,1.0
118046,0.0
118047,0.0
118048,0.0
118049,0.0
118050,0.0
118051,0.0
118052,0.0
118053,0.0
118054,1.0
118055,0.0
118056,1.0
118057,0.0
118058,0.0
118059,0.0
118060,0.0
118061,0.0
118062,0.0
118063,1.0
118064,0.0
118065,0.0
118066,1.0
118067,0.0
118068,1.0
118069,0.0
118070,0.0
118071,1.0
118072,1.0
118073,0.0
118074,0.0
118075,0.0
118076,0.0
118077,0.0
118078,0.0
118079,1.0
118080,1.0
118081,0.0
118082,1.0
118083,0.0
118084,0.0
118085,1.0
118086,1.0
118087,0.0
118088,0.0
118089,1.0
118090,0.0
118091,0.0
118092,1.0
118093,0.0
118094,0.0
118095,1.0
118096,0.0
118097,0.0
118098,1.0
118099,1.0
118100,0.0
118101,1.0
118102,0.0
118103,1.0
118104,0.0
118105,0.0
118106,0.0
118107,0.0
118108,1.0
118109,1.0
118110,0.0
118111,0.0
118112,1.0
118113,1.0
118114,0.0
118115,0.0
118116,0.0
118117,1.0
118118,0.0
118119,0.0
118120,0.0
118121,0.0
118122,0.0
118123,0.0
118124,0.0
118125,0.0
118126,0.0
118127,0.0
118128,1.0
118129,0.0
118130,0.0
118131,1.0
118132,1.0
118133,0.0
118134,0.0
118135,0.0
118136,0.0
118137,0.0
118138,0.0
118139,0.0
118140,0.0
118141,1.0
118142,0.0
118143,0.0
118144,1.0
118145,0.0
118146,0.0
118147,0.0
118148,0.0
118149,0.0
118150,0.0
118151,1.0
118152,0.0
118153,0.0
118154,0.0
118155,0.0
118156,0.0
118157,0.0
118158,0.0
118159,0.0
118160,1.0
118161,1.0
118162,0.0
118163,0.0
118164,0.0
118165,1.0
118166,1.0
118167,0.0
118168,0.0
118169,0.0
118170,0.0
118171,0.0
118172,0.0
118173,0.0
118174,0.0
118175,0.0
118176,0.0
118177,0.0
118178,0.0
118179,0.0
118180,0.0
118181,1.0
118182,0.0
118183,0.0
118184,0.0
118185,0.0
118186,1.0
118187,0.0
118188,1.0
118189,1.0
118190,1.0
118191,1.0
118192,0.0
118193,0.0
118194,1.0
118195,0.0
118196,0.0
118197,0.0
118198,0.0
118199,1.0
118200,0.0
118201,0.0
118202,1.0
118203,0.0
118204,0.0
118205,1.0
118206,0.0
118207,0.0
118208,0.0
118209,0.0
118210,1.0
118211,0.0
118212,0.0
118213,0.0
118214,0.0
118215,0.0
118216,0.0
118217,0.0
118218,0.0
118219,0.0
118220,0.0
118221,0.0
118222,1.0
118223,0.0
118224,0.0
118225,0.0
118226,1.0
118227,1.0
118228,0.0
118229,1.0
118230,0.0
118231,1.0
118232,0.0
118233,0.0
118234,0.0
118235,1.0
118236,1.0
118237,0.0
118238,0.0
118239,0.0
118240,0.0
118241,1.0
118242,1.0
118243,0.0
118244,0.0
118245,0.0
118246,0.0
118247,0.0
118248,0.0
118249,1.0
118250,0.0
118251,0.0
118252,1.0
118253,0.0
118254,0.0
118255,1.0
118256,1.0
118257,1.0
118258,0.0
118259,0.0
118260,0.0
118261,0.0
118262,1.0
118263,1.0
118264,0.0
118265,0.0
118266,0.0
118267,1.0
118268,1.0
118269,0.0
118270,0.0
118271,1.0
118272,0.0
118273,0.0
118274,1.0
118275,0.0
118276,0.0
118277,0.0
118278,0.0
118279,1.0
118280,0.0
118281,0.0
118282,0.0
118283,0.0
118284,0.0
118285,0.0
118286,0.0
118287,1.0
118288,0.0
118289,0.0
118290,1.0
118291,1.0
118292,1.0
118293,0.0
118294,0.0
118295,0.0
118296,0.0
118297,0.0
118298,0.0
118299,1.0
118300,0.0
118301,0.0
118302,0.0
118303,0.0
118304,0.0
118305,0.0
118306,0.0
118307,0.0
118308,0.0
118309,1.0
118310,0.0
118311,0.0
118312,0.0
118313,0.0
118314,0.0
118315,0.0
118316,0.0
118317,1.0
118318,0.0
118319,0.0
118320,1.0
118321,0.0
118322,1.0
118323,0.0
118324,0.0
118325,0.0
118326,0.0
118327,0.0
118328,0.0
118329,0.0
118330,1.0
118331,0.0
118332,1.0
118333,0.0
118334,0.0
118335,0.0
118336,0.0
118337,0.0
118338,0.0
118339,0.0
118340,1.0
118341,0.0
118342,0.0
118343,0.0
118344,0.0
118345,0.0
118346,0.0
118347,0.0
118348,0.0
118349,0.0
118350,0.0
118351,0.0
118352,0.0
118353,0.0
118354,0.0
118355,0.0
118356,0.0
118357,1.0
118358,0.0
118359,1.0
118360,0.0
118361,0.0
118362,1.0
118363,0.0
118364,1.0
118365,0.0
118366,1.0
118367,1.0
118368,0.0
118369,0.0
118370,0.0
118371,0.0
118372,0.0
118373,1.0
118374,0.0
118375,0.0
118376,0.0
118377,1.0
118378,0.0
118379,1.0
118380,1.0
118381,1.0
118382,0.0
118383,0.0
118384,0.0
118385,0.0
118386,0.0
118387,1.0
118388,0.0
118389,0.0
118390,1.0
118391,1.0
118392,1.0
118393,0.0
118394,0.0
118395,1.0
118396,0.0
118397,0.0
118398,0.0
118399,0.0
118400,0.0
118401,0.0
118402,0.0
118403,0.0
118404,0.0
118405,0.0
118406,0.0
118407,0.0
118408,0.0
118409,1.0
118410,0.0
118411,0.0
118412,0.0
118413,0.0
118414,0.0
118415,0.0
118416,0.0
118417,0.0
118418,0.0
118419,1.0
118420,1.0
118421,0.0
118422,0.0
118423,1.0
118424,0.0
118425,1.0
118426,0.0
118427,0.0
118428,0.0
118429,1.0
118430,0.0
118431,1.0
118432,1.0
118433,0.0
118434,0.0
118435,0.0
118436,0.0
118437,0.0
118438,0.0
118439,0.0
118440,1.0
118441,0.0
118442,0.0
118443,1.0
118444,0.0
118445,0.0
118446,1.0
118447,0.0
118448,0.0
118449,0.0
118450,0.0
118451,0.0
118452,0.0
118453,1.0
118454,0.0
118455,0.0
118456,1.0
118457,0.0
118458,0.0
118459,1.0
118460,1.0
118461,1.0
118462,0.0
118463,1.0
118464,0.0
118465,1.0
118466,0.0
118467,0.0
118468,1.0
118469,0.0
118470,0.0
118471,0.0
118472,0.0
118473,1.0
118474,0.0
118475,0.0
118476,1.0
118477,0.0
118478,1.0
118479,1.0
118480,0.0
118481,1.0
118482,0.0
118483,1.0
118484,1.0
118485,0.0
118486,1.0
118487,0.0
118488,0.0
118489,0.0
118490,0.0
118491,0.0
118492,0.0
118493,1.0
118494,0.0
118495,0.0
118496,0.0
118497,0.0
118498,0.0
118499,0.0
118500,0.0
118501,0.0
118502,0.0
118503,0.0
118504,0.0
118505,0.0
118506,1.0
118507,0.0
118508,0.0
118509,0.0
118510,1.0
118511,1.0
118512,0.0
118513,1.0
118514,0.0
118515,0.0
118516,0.0
118517,1.0
118518,0.0
118519,1.0
118520,1.0
118521,0.0
118522,0.0
118523,1.0
118524,0.0
118525,1.0
118526,0.0
118527,1.0
118528,0.0
118529,1.0
118530,0.0
118531,0.0
118532,0.0
118533,1.0
118534,0.0
118535,0.0
118536,0.0
118537,0.0
118538,0.0
118539,1.0
118540,0.0
118541,0.0
118542,0.0
118543,1.0
118544,1.0
118545,1.0
118546,0.0
118547,0.0
118548,0.0
118549,0.0
118550,0.0
118551,0.0
118552,0.0
118553,0.0
118554,1.0
118555,1.0
118556,0.0
118557,0.0
118558,0.0
118559,1.0
118560,0.0
118561,0.0
118562,0.0
118563,0.0
118564,0.0
118565,0.0
118566,0.0
118567,0.0
118568,0.0
118569,0.0
118570,0.0
118571,1.0
118572,1.0
118573,0.0
118574,0.0
118575,0.0
118576,0.0
118577,1.0
118578,1.0
118579,0.0
118580,0.0
118581,0.0
118582,0.0
118583,0.0
118584,1.0
118585,0.0
118586,1.0
118587,0.0
118588,0.0
118589,0.0
118590,0.0
118591,0.0
118592,0.0
118593,0.0
118594,0.0
118595,0.0
118596,1.0
118597,0.0
118598,1.0
118599,0.0
118600,0.0
118601,1.0
118602,0.0
118603,1.0
118604,1.0
118605,1.0
118606,0.0
118607,0.0
118608,1.0
118609,0.0
118610,0.0
118611,0.0
118612,1.0
118613,0.0
118614,0.0
118615,1.0
118616,1.0
118617,0.0
118618,0.0
118619,0.0
118620,0.0
118621,0.0
118622,0.0
118623,0.0
118624,0.0
118625,0.0
118626,0.0
118627,0.0
118628,0.0
118629,1.0
118630,0.0
118631,0.0
118632,0.0
118633,1.0
118634,1.0
118635,0.0
118636,0.0
118637,0.0
118638,0.0
118639,1.0
118640,1.0
118641,1.0
118642,0.0
118643,0.0
118644,0.0
118645,0.0
118646,0.0
118647,0.0
118648,0.0
118649,0.0
118650,0.0
118651,1.0
118652,0.0
118653,1.0
118654,0.0
118655,1.0
118656,0.0
118657,1.0
118658,0.0
118659,1.0
118660,0.0
118661,1.0
118662,0.0
118663,0.0
118664,0.0
118665,0.0
118666,0.0
118667,0.0
118668,0.0
118669,1.0
118670,1.0
118671,0.0
118672,0.0
118673,1.0
118674,0.0
118675,0.0
118676,0.0
118677,0.0
118678,1.0
118679,1.0
118680,0.0
118681,0.0
118682,0.0
118683,0.0
118684,0.0
118685,0.0
118686,0.0
118687,0.0
118688,0.0
118689,1.0
118690,0.0
118691,1.0
118692,0.0
118693,0.0
118694,0.0
118695,1.0
118696,0.0
118697,0.0
118698,0.0
118699,0.0
118700,0.0
118701,0.0
118702,0.0
118703,0.0
118704,1.0
118705,0.0
118706,0.0
118707,0.0
118708,0.0
118709,0.0
118710,0.0
118711,1.0
118712,0.0
118713,0.0
118714,1.0
118715,1.0
118716,0.0
118717,0.0
118718,0.0
118719,0.0
118720,0.0
118721,0.0
118722,0.0
118723,0.0
118724,0.0
118725,0.0
118726,1.0
118727,0.0
118728,0.0
118729,0.0
118730,0.0
118731,1.0
118732,0.0
118733,0.0
118734,1.0
118735,0.0
118736,0.0
118737,0.0
118738,1.0
118739,1.0
118740,0.0
118741,0.0
118742,0.0
118743,1.0
118744,1.0
118745,0.0
118746,1.0
118747,0.0
118748,0.0
118749,1.0
118750,0.0
118751,0.0
118752,0.0
118753,0.0
118754,0.0
118755,0.0
118756,0.0
118757,0.0
118758,1.0
118759,0.0
118760,1.0
118761,0.0
118762,0.0
118763,1.0
118764,0.0
118765,0.0
118766,0.0
118767,0.0
118768,0.0
118769,0.0
118770,0.0
118771,0.0
118772,1.0
118773,0.0
118774,0.0
118775,0.0
118776,0.0
118777,0.0
118778,1.0
118779,0.0
118780,0.0
118781,0.0
118782,1.0
118783,0.0
118784,0.0
118785,0.0
118786,0.0
118787,1.0
118788,0.0
118789,0.0
118790,0.0
118791,0.0
118792,1.0
118793,0.0
118794,0.0
118795,1.0
118796,1.0
118797,0.0
118798,1.0
118799,0.0
118800,0.0
118801,0.0
118802,1.0
118803,0.0
118804,0.0
118805,0.0
118806,0.0
118807,0.0
118808,0.0
118809,0.0
118810,0.0
118811,1.0
118812,1.0
118813,1.0
118814,1.0
118815,0.0
118816,0.0
118817,0.0
118818,0.0
118819,0.0
118820,0.0
118821,0.0
118822,0.0
118823,0.0
118824,1.0
118825,0.0
118826,0.0
118827,0.0
118828,1.0
118829,1.0
118830,0.0
118831,1.0
118832,1.0
118833,0.0
118834,0.0
118835,0.0
118836,0.0
118837,0.0
118838,0.0
118839,0.0
118840,0.0
118841,0.0
118842,0.0
118843,0.0
118844,1.0
118845,1.0
118846,0.0
118847,0.0
118848,0.0
118849,1.0
118850,0.0
118851,0.0
118852,1.0
118853,0.0
118854,0.0
118855,0.0
118856,0.0
118857,1.0
118858,0.0
118859,0.0
118860,0.0
118861,0.0
118862,0.0
118863,0.0
118864,0.0
118865,1.0
118866,0.0
118867,0.0
118868,0.0
118869,0.0
118870,0.0
118871,0.0
118872,0.0
118873,1.0
118874,1.0
118875,1.0
118876,1.0
118877,0.0
118878,0.0
118879,0.0
118880,0.0
118881,0.0
118882,1.0
118883,1.0
118884,0.0
118885,0.0
118886,1.0
118887,0.0
118888,0.0
118889,1.0
118890,1.0
118891,1.0
118892,0.0
118893,0.0
118894,0.0
118895,1.0
118896,0.0
118897,0.0
118898,0.0
118899,0.0
118900,1.0
118901,0.0
118902,0.0
118903,0.0
118904,0.0
118905,1.0
118906,0.0
118907,0.0
118908,1.0
118909,1.0
118910,0.0
118911,0.0
118912,0.0
118913,0.0
118914,0.0
118915,1.0
118916,1.0
118917,0.0
118918,1.0
118919,0.0
118920,1.0
118921,0.0
118922,0.0
118923,0.0
118924,0.0
118925,1.0
118926,0.0
118927,0.0
118928,1.0
118929,0.0
118930,0.0
118931,0.0
118932,1.0
118933,0.0
118934,0.0
118935,0.0
118936,0.0
118937,1.0
118938,1.0
118939,1.0
118940,1.0
118941,0.0
118942,1.0
118943,0.0
118944,0.0
118945,1.0
118946,1.0
118947,0.0
118948,0.0
118949,1.0
118950,0.0
118951,0.0
118952,0.0
118953,0.0
118954,0.0
118955,0.0
118956,0.0
118957,1.0
118958,0.0
118959,1.0
118960,1.0
118961,0.0
118962,0.0
118963,0.0
118964,1.0
118965,0.0
118966,1.0
118967,0.0
118968,0.0
118969,1.0
118970,0.0
118971,0.0
118972,1.0
118973,0.0
118974,0.0
118975,0.0
118976,0.0
118977,0.0
118978,0.0
118979,1.0
118980,0.0
118981,1.0
118982,1.0
118983,0.0
118984,0.0
118985,0.0
118986,0.0
118987,0.0
118988,1.0
118989,0.0
118990,0.0
118991,0.0
118992,0.0
118993,1.0
118994,0.0
118995,0.0
118996,0.0
118997,0.0
118998,0.0
118999,1.0
119000,0.0
119001,0.0
119002,0.0
119003,0.0
119004,0.0
119005,1.0
119006,1.0
119007,1.0
119008,1.0
119009,0.0
119010,0.0
119011,0.0
119012,1.0
119013,0.0
119014,1.0
119015,0.0
119016,1.0
119017,0.0
119018,0.0
119019,1.0
119020,0.0
119021,1.0
119022,0.0
119023,0.0
119024,0.0
119025,0.0
119026,0.0
119027,0.0
119028,0.0
119029,0.0
119030,0.0
119031,0.0
119032,0.0
119033,0.0
119034,1.0
119035,0.0
119036,1.0
119037,1.0
119038,0.0
119039,0.0
119040,0.0
119041,0.0
119042,0.0
119043,0.0
119044,0.0
119045,0.0
119046,0.0
119047,0.0
119048,1.0
119049,1.0
119050,1.0
119051,0.0
119052,0.0
119053,0.0
119054,1.0
119055,0.0
119056,0.0
119057,0.0
119058,1.0
119059,0.0
119060,0.0
119061,0.0
119062,0.0
119063,0.0
119064,0.0
119065,0.0
119066,0.0
119067,1.0
119068,0.0
119069,0.0
119070,1.0
119071,0.0
119072,1.0
119073,0.0
119074,0.0
119075,1.0
119076,1.0
119077,1.0
119078,0.0
119079,1.0
119080,0.0
119081,0.0
119082,1.0
119083,1.0
119084,0.0
119085,0.0
119086,0.0
119087,1.0
119088,1.0
119089,0.0
119090,0.0
119091,0.0
119092,1.0
119093,0.0
119094,1.0
119095,0.0
119096,1.0
119097,0.0
119098,0.0
119099,0.0
119100,1.0
119101,0.0
119102,0.0
119103,0.0
119104,0.0
119105,0.0
119106,0.0
119107,0.0
119108,0.0
119109,1.0
119110,0.0
119111,0.0
119112,1.0
119113,0.0
119114,1.0
119115,0.0
119116,0.0
119117,0.0
119118,0.0
119119,1.0
119120,0.0
119121,1.0
119122,1.0
119123,0.0
119124,1.0
119125,1.0
119126,1.0
119127,0.0
119128,1.0
119129,0.0
119130,0.0
119131,0.0
119132,0.0
119133,0.0
119134,1.0
119135,0.0
119136,0.0
119137,1.0
119138,0.0
119139,0.0
119140,0.0
119141,1.0
119142,0.0
119143,1.0
119144,0.0
119145,0.0
119146,0.0
119147,1.0
119148,0.0
119149,0.0
119150,0.0
119151,1.0
119152,0.0
119153,0.0
119154,0.0
119155,1.0
119156,0.0
119157,0.0
119158,0.0
119159,1.0
119160,0.0
119161,1.0
119162,0.0
119163,0.0
119164,1.0
119165,0.0
119166,0.0
119167,1.0
119168,0.0
119169,0.0
119170,1.0
119171,1.0
119172,0.0
119173,1.0
119174,0.0
119175,0.0
119176,0.0
119177,1.0
119178,1.0
119179,0.0
119180,0.0
119181,1.0
119182,0.0
119183,0.0
119184,0.0
119185,1.0
119186,0.0
119187,0.0
119188,0.0
119189,0.0
119190,0.0
119191,0.0
119192,0.0
119193,0.0
119194,1.0
119195,0.0
119196,1.0
119197,0.0
119198,0.0
119199,0.0
119200,0.0
119201,0.0
119202,0.0
119203,0.0
119204,0.0
119205,1.0
119206,0.0
119207,0.0
119208,0.0
119209,0.0
119210,0.0
119211,0.0
119212,0.0
119213,1.0
119214,0.0
119215,0.0
119216,0.0
119217,0.0
119218,0.0
119219,0.0
119220,0.0
119221,1.0
119222,1.0
119223,0.0
119224,0.0
119225,0.0
119226,0.0
119227,0.0
119228,0.0
119229,1.0
119230,0.0
119231,1.0
119232,0.0
119233,0.0
119234,0.0
119235,1.0
119236,0.0
119237,1.0
119238,0.0
119239,1.0
119240,0.0
119241,0.0
119242,0.0
119243,1.0
119244,0.0
119245,1.0
119246,0.0
119247,0.0
119248,1.0
119249,1.0
119250,1.0
119251,1.0
119252,0.0
119253,1.0
119254,0.0
119255,0.0
119256,0.0
119257,0.0
119258,0.0
119259,0.0
119260,0.0
119261,0.0
119262,1.0
119263,0.0
119264,1.0
119265,0.0
119266,0.0
119267,0.0
119268,0.0
119269,0.0
119270,1.0
119271,0.0
119272,1.0
119273,0.0
119274,1.0
119275,1.0
119276,0.0
119277,1.0
119278,1.0
119279,0.0
119280,0.0
119281,0.0
119282,1.0
119283,1.0
119284,0.0
119285,0.0
119286,0.0
119287,0.0
119288,0.0
119289,0.0
119290,0.0
119291,0.0
119292,0.0
119293,1.0
119294,0.0
119295,0.0
119296,0.0
119297,1.0
119298,0.0
119299,0.0
119300,0.0
119301,0.0
119302,1.0
119303,1.0
119304,0.0
119305,0.0
119306,1.0
119307,1.0
119308,1.0
119309,0.0
119310,1.0
119311,0.0
119312,0.0
119313,0.0
119314,1.0
119315,0.0
119316,0.0
119317,0.0
119318,1.0
119319,0.0
119320,0.0
119321,0.0
119322,0.0
119323,1.0
119324,0.0
119325,0.0
119326,1.0
119327,0.0
119328,0.0
119329,0.0
119330,0.0
119331,0.0
119332,1.0
119333,1.0
119334,1.0
119335,0.0
119336,0.0
119337,0.0
119338,0.0
119339,0.0
119340,0.0
119341,0.0
119342,1.0
119343,0.0
119344,1.0
119345,1.0
119346,0.0
119347,0.0
119348,0.0
119349,0.0
119350,0.0
119351,0.0
119352,1.0
119353,0.0
119354,0.0
119355,0.0
119356,0.0
119357,1.0
119358,0.0
119359,0.0
119360,0.0
119361,0.0
119362,0.0
119363,1.0
119364,1.0
119365,1.0
119366,0.0
119367,0.0
119368,1.0
119369,1.0
119370,0.0
119371,1.0
119372,0.0
119373,0.0
119374,0.0
119375,0.0
119376,1.0
119377,0.0
119378,1.0
119379,0.0
119380,0.0
119381,0.0
119382,0.0
119383,0.0
119384,1.0
119385,0.0
119386,0.0
119387,0.0
119388,0.0
119389,0.0
119390,0.0
119391,0.0
119392,1.0
119393,1.0
119394,0.0
119395,0.0
119396,0.0
119397,1.0
119398,0.0
119399,0.0
119400,1.0
119401,1.0
119402,1.0
119403,0.0
119404,0.0
119405,0.0
119406,0.0
119407,0.0
119408,0.0
119409,0.0
119410,0.0
119411,0.0
119412,0.0
119413,1.0
119414,0.0
119415,0.0
119416,0.0
119417,0.0
119418,0.0
119419,0.0
119420,0.0
119421,0.0
119422,1.0
119423,1.0
119424,0.0
119425,0.0
119426,1.0
119427,0.0
119428,1.0
119429,0.0
119430,1.0
119431,0.0
119432,0.0
119433,1.0
119434,0.0
119435,0.0
119436,0.0
119437,0.0
119438,1.0
119439,0.0
119440,0.0
119441,0.0
119442,0.0
119443,0.0
119444,0.0
119445,0.0
119446,1.0
119447,1.0
119448,0.0
119449,0.0
119450,0.0
119451,1.0
119452,1.0
119453,0.0
119454,1.0
119455,0.0
119456,0.0
119457,0.0
119458,1.0
119459,0.0
119460,0.0
119461,0.0
119462,0.0
119463,0.0
119464,1.0
119465,0.0
119466,0.0
119467,0.0
119468,0.0
119469,1.0
119470,0.0
119471,0.0
119472,0.0
119473,1.0
119474,0.0
119475,0.0
119476,1.0
119477,1.0
119478,0.0
119479,0.0
119480,0.0
119481,0.0
119482,0.0
119483,1.0
119484,0.0
119485,0.0
119486,0.0
119487,1.0
119488,0.0
119489,0.0
119490,0.0
119491,0.0
119492,1.0
119493,1.0
119494,0.0
119495,0.0
119496,0.0
119497,1.0
119498,1.0
119499,1.0
119500,0.0
119501,1.0
119502,0.0
119503,0.0
119504,1.0
119505,1.0
119506,1.0
119507,0.0
119508,0.0
119509,1.0
119510,0.0
119511,0.0
119512,1.0
119513,0.0
119514,0.0
119515,0.0
119516,0.0
119517,1.0
119518,0.0
119519,0.0
119520,0.0
119521,0.0
119522,0.0
119523,1.0
119524,0.0
119525,0.0
119526,1.0
119527,0.0
119528,0.0
119529,0.0
119530,1.0
119531,0.0
119532,0.0
119533,0.0
119534,1.0
119535,0.0
119536,0.0
119537,0.0
119538,0.0
119539,0.0
119540,0.0
119541,1.0
119542,0.0
119543,1.0
119544,1.0
119545,0.0
119546,1.0
119547,0.0
119548,0.0
119549,0.0
119550,0.0
119551,0.0
119552,0.0
119553,0.0
119554,0.0
119555,0.0
119556,0.0
119557,0.0
119558,0.0
119559,1.0
119560,1.0
119561,0.0
119562,0.0
119563,0.0
119564,1.0
119565,1.0
119566,0.0
119567,1.0
119568,0.0
119569,0.0
119570,0.0
119571,0.0
119572,0.0
119573,0.0
119574,1.0
119575,1.0
119576,0.0
119577,0.0
119578,0.0
119579,1.0
119580,1.0
119581,1.0
119582,0.0
119583,1.0
119584,1.0
119585,0.0
119586,1.0
119587,0.0
119588,0.0
119589,1.0
119590,0.0
119591,0.0
119592,0.0
119593,0.0
119594,0.0
119595,0.0
119596,0.0
119597,1.0
119598,0.0
119599,0.0
119600,1.0
119601,1.0
119602,1.0
119603,1.0
119604,1.0
119605,0.0
119606,1.0
119607,1.0
119608,1.0
119609,0.0
119610,1.0
119611,1.0
119612,1.0
119613,0.0
119614,1.0
119615,1.0
119616,1.0
119617,1.0
119618,1.0
119619,0.0
119620,1.0
119621,0.0
119622,0.0
119623,1.0
119624,0.0
119625,1.0
119626,1.0
119627,1.0
119628,1.0
119629,1.0
119630,1.0
119631,1.0
119632,0.0
119633,1.0
119634,0.0
119635,1.0
119636,0.0
119637,0.0
119638,0.0
119639,0.0
119640,1.0
119641,1.0
119642,1.0
119643,1.0
119644,0.0
119645,1.0
119646,1.0
119647,0.0
119648,1.0
119649,1.0
119650,1.0
119651,0.0
119652,0.0
119653,0.0
119654,0.0
119655,0.0
119656,0.0
119657,1.0
119658,0.0
119659,1.0
119660,1.0
119661,1.0
119662,0.0
119663,0.0
119664,1.0
119665,1.0
119666,0.0
119667,0.0
119668,1.0
119669,0.0
119670,0.0
119671,0.0
119672,1.0
119673,0.0
119674,0.0
119675,0.0
119676,0.0
119677,0.0
119678,0.0
119679,1.0
119680,0.0
119681,1.0
119682,0.0
119683,1.0
119684,0.0
119685,0.0
119686,0.0
119687,0.0
119688,0.0
119689,0.0
119690,1.0
119691,0.0
119692,0.0
119693,0.0
119694,1.0
119695,0.0
119696,0.0
119697,0.0
119698,0.0
119699,0.0
119700,0.0
119701,0.0
119702,0.0
119703,0.0
119704,0.0
119705,0.0
119706,0.0
119707,1.0
119708,0.0
119709,1.0
119710,1.0
119711,1.0
119712,0.0
119713,0.0
119714,0.0
119715,0.0
119716,0.0
119717,0.0
119718,0.0
119719,0.0
119720,1.0
119721,0.0
119722,1.0
119723,0.0
119724,0.0
119725,0.0
119726,0.0
119727,0.0
119728,1.0
119729,1.0
119730,0.0
119731,0.0
119732,1.0
119733,0.0
119734,0.0
119735,0.0
119736,0.0
119737,0.0
119738,1.0
119739,0.0
119740,1.0
119741,0.0
119742,1.0
119743,0.0
119744,0.0
119745,0.0
119746,1.0
119747,1.0
119748,0.0
119749,0.0
119750,0.0
119751,0.0
119752,0.0
119753,1.0
119754,0.0
119755,0.0
119756,0.0
119757,0.0
119758,0.0
119759,0.0
119760,0.0
119761,0.0
119762,0.0
119763,0.0
119764,0.0
119765,0.0
119766,0.0
119767,0.0
119768,0.0
119769,0.0
119770,1.0
119771,0.0
119772,0.0
119773,0.0
119774,0.0
119775,0.0
119776,0.0
119777,0.0
119778,0.0
119779,0.0
119780,1.0
119781,0.0
119782,1.0
119783,0.0
119784,0.0
119785,0.0
119786,0.0
119787,0.0
119788,1.0
119789,0.0
119790,0.0
119791,1.0
119792,0.0
119793,0.0
119794,1.0
119795,1.0
119796,1.0
119797,0.0
119798,0.0
119799,1.0
119800,0.0
119801,1.0
119802,0.0
119803,1.0
119804,0.0
119805,1.0
119806,0.0
119807,0.0
119808,0.0
119809,0.0
119810,0.0
119811,0.0
119812,0.0
119813,0.0
119814,1.0
119815,1.0
119816,0.0
119817,0.0
119818,0.0
119819,0.0
119820,0.0
119821,0.0
119822,1.0
119823,0.0
119824,0.0
119825,0.0
119826,0.0
119827,1.0
119828,0.0
119829,1.0
119830,0.0
119831,1.0
119832,0.0
119833,0.0
119834,1.0
119835,1.0
119836,1.0
119837,0.0
119838,0.0
119839,0.0
119840,1.0
119841,1.0
119842,0.0
119843,0.0
119844,0.0
119845,0.0
119846,0.0
119847,0.0
119848,1.0
119849,1.0
119850,0.0
119851,0.0
119852,0.0
119853,0.0
119854,0.0
119855,1.0
119856,0.0
119857,0.0
119858,0.0
119859,0.0
119860,0.0
119861,0.0
119862,0.0
119863,0.0
119864,0.0
119865,0.0
119866,1.0
119867,0.0
119868,0.0
119869,0.0
119870,0.0
119871,0.0
119872,0.0
119873,0.0
119874,1.0
119875,0.0
119876,1.0
119877,0.0
119878,0.0
119879,1.0
119880,0.0
119881,0.0
119882,0.0
119883,0.0
119884,0.0
119885,0.0
119886,0.0
119887,0.0
119888,0.0
119889,0.0
119890,0.0
119891,0.0
119892,1.0
119893,0.0
119894,1.0
119895,0.0
119896,0.0
119897,0.0
119898,0.0
119899,0.0
119900,0.0
119901,1.0
119902,0.0
119903,0.0
119904,0.0
119905,1.0
119906,0.0
119907,0.0
119908,0.0
119909,0.0
119910,0.0
119911,1.0
119912,1.0
119913,1.0
119914,0.0
119915,1.0
119916,0.0
119917,0.0
119918,0.0
119919,0.0
119920,1.0
119921,0.0
119922,0.0
119923,1.0
119924,0.0
119925,1.0
119926,1.0
119927,0.0
119928,1.0
119929,1.0
119930,0.0
119931,0.0
119932,1.0
119933,0.0
119934,0.0
119935,0.0
119936,0.0
119937,0.0
119938,1.0
119939,0.0
119940,0.0
119941,1.0
119942,0.0
119943,0.0
119944,0.0
119945,1.0
119946,0.0
119947,0.0
119948,0.0
119949,0.0
119950,0.0
119951,0.0
119952,0.0
119953,0.0
119954,0.0
119955,0.0
119956,0.0
119957,1.0
119958,0.0
119959,1.0
119960,0.0
119961,0.0
119962,0.0
119963,0.0
119964,1.0
119965,0.0
119966,1.0
119967,0.0
119968,0.0
119969,1.0
119970,0.0
119971,1.0
119972,1.0
119973,0.0
119974,0.0
119975,0.0
119976,0.0
119977,0.0
119978,1.0
119979,1.0
119980,1.0
119981,1.0
119982,0.0
119983,1.0
119984,0.0
119985,0.0
119986,1.0
119987,0.0
119988,0.0
119989,0.0
119990,0.0
119991,1.0
119992,0.0
119993,1.0
119994,1.0
119995,0.0
119996,0.0
119997,0.0
119998,1.0
119999,0.0
